world,arm,uid,ic_uid,stage,n_rows,sim_steps,path_len,net_disp,wander,idle_frac,idle_frac_7col,leading_idle,trailing_idle,idle_rows,strict_stop_frac,mean_speed,reward_sum,max_sim_steps
old,raw,100000,232,picked,72,287,0.3306,0.1405,0.0301,0.1944,0.0,0,2,14,0.1528,0.00459,1.0,1200
old,raw,100001,244,picked,135,537,0.6859,0.1907,0.0407,0.0963,0.0,0,2,13,0.2074,0.00508,1.0,1200
old,raw,100002,254,picked,198,790,0.6666,0.1149,0.0862,0.0101,0.0,0,2,2,0.2778,0.00337,1.0,1200
old,raw,100003,263,picked,121,483,0.6841,0.1548,0.0728,0.0826,0.0,0,2,10,0.2893,0.00565,1.0,1200
old,raw,100004,276,picked,186,742,0.4411,0.1647,0.0335,0.3495,0.0,0,2,65,0.5699,0.00237,1.0,1200
old,raw,100006,301,picked,167,668,0.4943,0.1298,0.0648,0.1856,0.0,0,1,31,0.1737,0.00296,1.0,1200
old,raw,100008,326,picked,86,343,0.2596,0.1062,0.0451,0.4186,0.0,0,1,36,0.1744,0.00302,1.0,1200
old,raw,101002,255,picked,177,708,0.6356,0.1138,0.0527,0.209,0.0056,0,1,37,0.2599,0.00359,1.0,1200
old,raw,101003,265,picked,222,885,0.4602,0.1607,0.061,0.2658,0.0,0,2,59,0.4775,0.00207,1.0,1200
old,raw,101004,277,picked,75,298,0.289,0.0913,0.0449,0.1867,0.0,0,2,14,0.1467,0.00385,1.0,1200
old,raw,101006,302,picked,172,687,0.527,0.1147,0.0611,0.1628,0.0,0,2,28,0.1163,0.00306,1.0,1200
old,raw,101007,316,picked,216,863,0.8168,0.1373,0.107,0.1713,0.0,0,2,37,0.2083,0.00378,1.0,1200
old,raw,101008,327,picked,168,671,0.7102,0.1821,0.0522,0.256,0.0,0,2,43,0.3452,0.00423,1.0,1200
old,raw,101010,287,picked,494,1975,0.7725,0.0295,0.0693,0.4879,0.0,0,2,241,0.7247,0.00156,1.0,12000
old,raw,101011,315,picked,396,1581,0.9128,0.1622,0.0309,0.298,0.0,0,2,118,0.596,0.00231,1.0,12000
old,raw,102002,256,picked,237,946,1.1917,0.1918,0.0508,0.1435,0.0,0,2,34,0.0886,0.00503,1.0,1200
old,raw,102003,266,picked,184,736,0.3608,0.1086,0.053,0.2446,0.0,0,1,45,0.4185,0.00196,1.0,1200
old,raw,102004,278,picked,74,293,0.4058,0.1974,0.0413,0.1216,0.0,0,2,9,0.1351,0.00548,1.0,1200
old,raw,102006,304,picked,133,531,0.4424,0.1599,0.0601,0.4586,0.0075,0,2,61,0.4962,0.00333,1.0,1200
old,raw,102007,317,picked,112,448,0.3296,0.1218,0.0284,0.2679,0.0,0,1,30,0.3304,0.00294,1.0,1200
old,raw,102009,245,picked,502,2006,1.0541,0.1533,0.0542,0.4163,0.0,0,2,209,0.5697,0.0021,1.0,12000
old,raw,102010,293,picked,724,2895,1.5053,0.1134,0.0645,0.395,0.0,0,2,286,0.5773,0.00208,1.0,12000
old,raw,102011,320,picked,350,1400,0.5574,0.1451,0.038,0.5343,0.0,0,1,187,0.68,0.00159,1.0,12000
old,raw,103000,235,picked,49,196,0.3213,0.1318,0.0522,0.0204,0.0,0,1,1,0.0,0.00656,1.0,1200
old,raw,103001,247,picked,197,786,0.5241,0.2118,0.048,0.5127,0.0,0,2,101,0.4112,0.00266,1.0,1200
old,raw,103002,257,picked,127,508,0.4731,0.0869,0.0732,0.1496,0.0,0,1,19,0.063,0.00373,1.0,1200
old,raw,103003,267,picked,212,848,0.7586,0.1226,0.12,0.0519,0.0,0,1,11,0.1509,0.00358,1.0,1200
old,raw,103004,279,picked,216,863,0.3485,0.145,0.0289,0.4583,0.0,0,2,99,0.6528,0.00161,1.0,1200
old,raw,103006,305,picked,105,418,0.3034,0.1004,0.0545,0.3429,0.0,0,2,36,0.2,0.00289,1.0,1200
old,raw,103008,329,picked,93,371,0.2669,0.0993,0.0496,0.3978,0.0,0,2,37,0.4946,0.00287,1.0,1200
old,raw,103009,246,picked,422,1685,0.82,0.0969,0.0861,0.1872,0.0,0,0,79,0.4976,0.00194,1.0,12000
old,raw,103010,295,picked,1244,4974,1.3945,0.1274,0.0971,0.0715,0.0,0,2,89,0.463,0.00112,1.0,12000
old,raw,103011,328,picked,409,1633,0.8269,0.1487,0.0539,0.1491,0.0,0,2,61,0.6675,0.00202,1.0,12000
old,raw,104000,236,picked,56,222,0.3297,0.1314,0.046,0.0536,0.0,0,2,3,0.0357,0.00589,1.0,1200
old,raw,104001,248,picked,244,973,0.4231,0.1426,0.0477,0.4631,0.0,0,2,113,0.6393,0.00173,1.0,1200
old,raw,104002,258,picked,88,349,0.4196,0.0799,0.0632,0.1591,0.0,0,2,14,0.1364,0.00477,1.0,1200
old,raw,104003,269,picked,134,534,0.5637,0.1262,0.0686,0.097,0.0,0,2,13,0.3806,0.00421,1.0,1200
old,raw,104004,280,picked,59,236,0.2944,0.0875,0.0404,0.1695,0.0,0,1,10,0.1695,0.00499,1.0,1200
old,raw,104005,297,picked,92,365,0.3665,0.1659,0.0545,0.2826,0.0,0,2,26,0.1848,0.00398,1.0,1200
old,raw,104006,306,picked,253,1012,0.8683,0.1918,0.045,0.1462,0.0,0,1,37,0.2885,0.00343,1.0,1200
old,raw,104007,319,picked,115,458,0.51,0.1567,0.0459,0.0435,0.0,0,2,5,0.3565,0.00443,1.0,1200
old,raw,104009,250,picked,517,2068,1.3253,0.2113,0.0705,0.2437,0.0,0,1,126,0.3404,0.00256,1.0,12000
old,raw,104010,299,picked,620,2477,1.4029,0.2201,0.0736,0.25,0.0,0,3,155,0.2145,0.00226,1.0,12000
old,raw,104011,330,picked,320,1278,0.9898,0.1562,0.0771,0.1281,0.0,0,2,41,0.4,0.00309,1.0,12000
old,raw,105000,239,picked,153,609,0.3251,0.1121,0.0564,0.1699,0.0,0,2,26,0.281,0.00212,1.0,1200
old,raw,105002,259,picked,115,459,0.6053,0.144,0.0826,0.2261,0.0,0,2,26,0.1391,0.00526,1.0,1200
old,raw,105003,273,picked,129,515,0.3539,0.142,0.0502,0.2558,0.0,0,1,33,0.3488,0.00274,1.0,1200
old,raw,105004,281,picked,119,475,0.4625,0.1937,0.0331,0.395,0.0,0,1,47,0.4874,0.00389,1.0,1200
old,raw,105005,298,picked,134,535,0.368,0.1061,0.0682,0.2164,0.0,0,2,29,0.0522,0.00275,1.0,1200
old,raw,105006,308,picked,98,390,0.5387,0.0744,0.0792,0.1837,0.0,0,2,18,0.1429,0.0055,1.0,1200
old,raw,105009,286,picked,741,2961,1.3724,0.1859,0.0618,0.2051,0.0,0,2,152,0.529,0.00185,1.0,12000
old,raw,105010,300,picked,782,3128,1.2312,0.213,0.0267,0.6049,0.0,0,1,473,0.6803,0.00157,1.0,12000
old,raw,105011,331,picked,525,2099,0.7128,0.1542,0.0674,0.501,0.0,0,2,263,0.581,0.00136,1.0,12000
old,raw,106000,242,picked,78,310,0.4297,0.1622,0.0461,0.3205,0.0,0,2,25,0.2051,0.00551,1.0,1200
old,raw,106001,251,picked,195,778,0.3808,0.1538,0.0432,0.2256,0.0,0,2,44,0.4256,0.00195,1.0,1200
old,raw,106002,261,picked,201,801,0.7368,0.0912,0.0711,0.005,0.0,0,0,1,0.0249,0.00367,1.0,1200
old,raw,106003,274,picked,219,873,0.5558,0.1128,0.0271,0.1416,0.0,0,2,31,0.5068,0.00254,1.0,1200
old,raw,106004,283,picked,125,499,0.3308,0.1446,0.0552,0.096,0.0,0,2,12,0.144,0.00265,1.0,1200
old,raw,106006,309,picked,100,398,0.4602,0.0473,0.091,0.27,0.0,0,2,27,0.22,0.0046,1.0,1200
old,raw,106007,321,picked,109,435,0.3142,0.1095,0.0564,0.367,0.0,0,2,40,0.2844,0.00288,1.0,1200
old,raw,106008,333,picked,194,773,0.4524,0.2016,0.0546,0.5773,0.0,0,2,112,0.4948,0.00233,1.0,1200
old,raw,107000,243,picked,46,184,0.2711,0.1002,0.0535,0.2174,0.0,0,1,10,0.0435,0.00589,1.0,1200
old,raw,107001,252,picked,235,937,0.392,0.1013,0.0585,0.4979,0.0,0,2,117,0.4766,0.00167,1.0,1200
old,raw,107002,262,picked,101,403,0.3102,0.1224,0.0341,0.0297,0.0,0,1,3,0.4851,0.00307,1.0,1200
old,raw,107003,275,picked,136,542,0.5026,0.1955,0.0435,0.1691,0.0,0,2,23,0.2941,0.0037,1.0,1200
old,raw,107004,284,picked,108,430,0.2239,0.0731,0.0473,0.213,0.0,0,2,23,0.1389,0.00207,1.0,1200
old,raw,107006,311,picked,132,525,0.6236,0.1911,0.0436,0.1288,0.0,0,1,17,0.3788,0.00472,1.0,1200
old,raw,107007,325,picked,148,592,0.4306,0.1584,0.051,0.4459,0.0,0,1,66,0.4122,0.00291,1.0,1200
old,raw,107008,335,picked,95,379,0.3745,0.1764,0.0423,0.2211,0.0,0,2,21,0.2421,0.00394,1.0,1200
old,pruned,100000,232,picked,61,244,0.3274,0.1405,0.0338,0.082,0.0,0,2,5,0.0656,0.00537,1.0,1200
old,pruned,100001,244,picked,108,432,0.6757,0.1907,0.0477,0.0741,0.0,0,1,8,0.037,0.00626,1.0,1200
old,pruned,100002,254,picked,162,646,0.6573,0.1147,0.0969,0.0123,0.0,0,2,2,0.142,0.00406,1.0,1200
old,pruned,100003,263,picked,105,419,0.6755,0.1548,0.0785,0.0952,0.0,0,2,10,0.219,0.00643,1.0,1200
old,pruned,100004,276,picked,152,608,0.4448,0.1647,0.039,0.2039,0.0,0,1,31,0.4737,0.00293,1.0,1200
old,pruned,100006,301,picked,151,602,0.4898,0.1297,0.0688,0.1656,0.0,0,2,25,0.1192,0.00324,1.0,1200
old,pruned,100007,315,picked,219,873,0.8809,0.1622,0.0371,0.0502,0.0,0,2,11,0.3653,0.00402,1.0,1200
old,pruned,100008,326,picked,77,307,0.2542,0.1062,0.0495,0.3766,0.0,0,2,29,0.1558,0.0033,1.0,1200
old,pruned,101002,255,picked,154,613,0.6239,0.1139,0.0563,0.2532,0.0065,0,2,39,0.1818,0.00405,1.0,1200
old,pruned,101003,265,picked,202,808,0.4485,0.1607,0.063,0.2723,0.005,0,1,55,0.4406,0.00222,1.0,1200
old,pruned,101004,277,picked,74,294,0.2872,0.0913,0.0454,0.1892,0.0,0,2,14,0.1486,0.00388,1.0,1200
old,pruned,101005,287,picked,201,804,0.7515,0.0294,0.0927,0.204,0.0,0,1,41,0.398,0.00374,1.0,1200
old,pruned,101006,302,picked,152,608,0.5256,0.1148,0.0674,0.0789,0.0,0,1,12,0.0263,0.00346,1.0,1200
old,pruned,101007,316,picked,199,795,0.8142,0.1373,0.108,0.1658,0.0,0,2,33,0.1709,0.00409,1.0,1200
old,pruned,101008,327,picked,131,523,0.692,0.182,0.061,0.1527,0.0,0,2,20,0.2977,0.00528,1.0,1200
old,pruned,102003,266,picked,144,573,0.3365,0.1087,0.0546,0.2986,0.0,0,2,43,0.3472,0.00234,1.0,1200
old,pruned,102004,278,picked,70,277,0.406,0.1975,0.0432,0.1143,0.0,0,2,8,0.0857,0.0058,1.0,1200
old,pruned,102006,304,picked,128,510,0.4414,0.1601,0.0619,0.4531,0.0078,0,2,58,0.4844,0.00345,1.0,1200
old,pruned,102007,317,picked,100,400,0.3285,0.1218,0.0308,0.21,0.0,0,1,21,0.28,0.00329,1.0,1200
old,pruned,102008,328,picked,222,885,0.804,0.1487,0.0564,0.1081,0.0,0,2,24,0.4595,0.00362,1.0,1200
old,pruned,103000,235,picked,49,196,0.3213,0.1318,0.0522,0.0204,0.0,0,1,1,0.0,0.00656,1.0,1200
old,pruned,103001,247,picked,112,448,0.5139,0.2118,0.0631,0.3839,0.0,0,1,43,0.1518,0.00459,1.0,1200
old,pruned,103002,257,picked,119,475,0.4709,0.0871,0.0781,0.1513,0.0,0,2,18,0.0084,0.00396,1.0,1200
old,pruned,103003,267,picked,190,759,0.7605,0.1227,0.1302,0.0105,0.0,0,2,2,0.0895,0.004,1.0,1200
old,pruned,103004,279,picked,216,863,0.3486,0.145,0.0289,0.4583,0.0,0,2,99,0.6481,0.00161,1.0,1200
old,pruned,103006,305,picked,100,399,0.3021,0.0999,0.056,0.33,0.0,0,2,33,0.18,0.00302,1.0,1200
old,pruned,103008,329,picked,83,332,0.2659,0.0993,0.0503,0.4458,0.0,0,1,37,0.494,0.0032,1.0,1200
old,pruned,104000,236,picked,56,222,0.3297,0.1314,0.046,0.0536,0.0,0,2,3,0.0357,0.00589,1.0,1200
old,pruned,104001,248,picked,122,488,0.4007,0.1426,0.0525,0.377,0.0,0,1,46,0.3279,0.00328,1.0,1200
old,pruned,104002,258,picked,74,293,0.4196,0.0799,0.0733,0.1757,0.0,0,2,13,0.0135,0.00567,1.0,1200
old,pruned,104003,269,picked,117,466,0.5524,0.1262,0.0742,0.0342,0.0,0,2,4,0.359,0.00472,1.0,1200
old,pruned,104004,280,picked,59,236,0.2946,0.0875,0.0404,0.1695,0.0,0,1,10,0.1695,0.00499,1.0,1200
old,pruned,104005,297,picked,88,350,0.3689,0.1661,0.0564,0.2841,0.0,0,2,25,0.2386,0.00419,1.0,1200
old,pruned,104006,306,picked,161,644,0.8216,0.1918,0.0517,0.1988,0.0,0,1,32,0.0745,0.0051,1.0,1200
old,pruned,104007,319,picked,114,454,0.5092,0.1567,0.046,0.0439,0.0,0,2,5,0.3509,0.00447,1.0,1200
old,pruned,104008,330,picked,212,846,0.9558,0.1563,0.0872,0.0142,0.0,0,2,3,0.2075,0.00451,1.0,1200
old,pruned,105000,239,picked,97,388,0.3144,0.112,0.0547,0.1959,0.0,0,1,19,0.0,0.00324,1.0,1200
old,pruned,105001,250,picked,284,1136,1.2799,0.2111,0.0668,0.1056,0.0,0,1,30,0.0951,0.00451,1.0,1200
old,pruned,105002,259,picked,96,381,0.6022,0.144,0.0967,0.2708,0.0,0,2,26,0.0312,0.00627,1.0,1200
old,pruned,105003,273,picked,102,408,0.3502,0.142,0.0588,0.1667,0.0,0,1,17,0.2549,0.00343,1.0,1200
old,pruned,105004,281,picked,119,475,0.4623,0.1936,0.0331,0.395,0.0,0,1,47,0.4874,0.00389,1.0,1200
old,pruned,105005,298,picked,126,503,0.3673,0.1061,0.0732,0.1429,0.0,0,2,18,0.0,0.00292,1.0,1200
old,pruned,105006,308,picked,89,354,0.5359,0.0743,0.0863,0.1236,0.0,0,2,11,0.0787,0.00602,1.0,1200
old,pruned,105007,320,picked,197,785,0.5317,0.1451,0.054,0.4213,0.0,0,2,83,0.5381,0.0027,1.0,1200
old,pruned,106000,242,picked,60,238,0.4231,0.1623,0.0569,0.2,0.0,0,2,12,0.0333,0.00705,1.0,1200
old,pruned,106001,251,picked,138,550,0.365,0.1539,0.0517,0.0435,0.0,0,2,6,0.2826,0.00265,1.0,1200
old,pruned,106002,261,picked,199,793,0.729,0.0909,0.0719,0.005,0.0,0,0,1,0.0302,0.00366,1.0,1200
old,pruned,106003,274,picked,125,498,0.5428,0.1128,0.0404,0.04,0.0,0,2,5,0.136,0.00434,1.0,1200
old,pruned,106004,283,picked,107,427,0.3224,0.1446,0.0569,0.0561,0.0,0,2,6,0.1028,0.00301,1.0,1200
old,pruned,106006,309,picked,100,398,0.4616,0.0473,0.091,0.27,0.0,0,2,27,0.23,0.00462,1.0,1200
old,pruned,106007,321,picked,98,391,0.3098,0.1095,0.0612,0.3367,0.0,0,2,33,0.2551,0.00316,1.0,1200
old,pruned,106008,333,picked,140,560,0.4453,0.2016,0.0697,0.4929,0.0,0,1,69,0.3429,0.00318,1.0,1200
old,pruned,107000,243,picked,46,184,0.2711,0.1002,0.0535,0.2174,0.0,0,1,10,0.0435,0.00589,1.0,1200
old,pruned,107001,252,picked,191,764,0.3946,0.1014,0.0686,0.4293,0.0,0,1,82,0.3717,0.00207,1.0,1200
old,pruned,107002,262,picked,62,248,0.3097,0.1223,0.0494,0.0161,0.0,0,1,1,0.1613,0.00499,1.0,1200
old,pruned,107003,275,picked,107,428,0.4952,0.1953,0.0508,0.0093,0.0,0,1,1,0.1589,0.00463,1.0,1200
old,pruned,107004,284,picked,95,378,0.2194,0.0731,0.0501,0.1684,0.0,0,2,16,0.0737,0.00231,1.0,1200
old,pruned,107006,311,picked,98,391,0.6269,0.1912,0.0519,0.0,0.0,0,0,0,0.1735,0.0064,1.0,1200
old,pruned,107007,325,picked,116,461,0.4118,0.1584,0.0559,0.4569,0.0,0,2,53,0.3534,0.00355,1.0,1200
old,pruned,107008,335,picked,75,297,0.3757,0.1763,0.0509,0.0267,0.0,0,2,2,0.0533,0.00501,1.0,1200
w3,raw,100000,232,picked,71,282,0.3512,0.1493,0.0328,0.169,0.0,0,0,12,0.2394,0.00495,1.0,1200
w3,raw,100001,244,picked,132,527,0.7177,0.1926,0.0355,0.0833,0.0,0,0,11,0.2803,0.00544,1.0,1200
w3,raw,100002,254,picked,166,663,0.6693,0.1169,0.0775,0.1325,0.0,0,0,22,0.3373,0.00403,1.0,1200
w3,raw,100003,263,picked,121,482,0.7651,0.1629,0.0774,0.0579,0.0,0,0,7,0.2727,0.00632,1.0,1200
w3,raw,100004,276,picked,182,728,0.4563,0.1717,0.0293,0.3462,0.0,0,0,63,0.6264,0.00251,1.0,1200
w3,raw,100008,326,picked,81,321,0.2723,0.1117,0.0451,0.4321,0.0,0,0,35,0.4938,0.00336,1.0,1200
w3,raw,101000,233,picked,70,277,0.4037,0.1182,0.044,0.2143,0.0,0,0,15,0.3143,0.00577,1.0,1200
w3,raw,101002,255,picked,147,588,0.6563,0.1207,0.052,0.2517,0.0068,0,0,37,0.5374,0.00446,1.0,1200
w3,raw,101003,265,picked,218,871,0.4873,0.1681,0.0694,0.2615,0.0,0,0,57,0.5734,0.00224,1.0,1200
w3,raw,101004,277,picked,71,284,0.3082,0.0976,0.0417,0.169,0.0,0,0,12,0.2958,0.00434,1.0,1200
w3,raw,101006,302,picked,168,669,0.6775,0.1202,0.0571,0.2083,0.0,0,0,35,0.369,0.00403,1.0,1200
w3,raw,101007,316,picked,179,715,0.5945,0.1342,0.0501,0.1955,0.0,0,0,35,0.352,0.00332,1.0,1200
w3,raw,101008,327,picked,165,659,0.7412,0.1875,0.0546,0.2485,0.0,0,0,41,0.3636,0.00449,1.0,1200
w3,raw,101009,245,picked,500,1999,1.1944,0.1568,0.0541,0.414,0.0,0,0,207,0.638,0.00239,1.0,12000
w3,raw,101010,286,picked,777,3107,1.5095,0.1867,0.0542,0.1918,0.0,0,0,149,0.5676,0.00194,1.0,12000
w3,raw,101011,300,picked,778,3110,1.2025,0.2143,0.018,0.6067,0.0,0,0,472,0.7275,0.00155,1.0,12000
w3,raw,101012,328,picked,406,1622,0.8477,0.1526,0.0534,0.1453,0.0,0,0,59,0.6502,0.00209,1.0,12000
w3,raw,102002,256,picked,175,697,0.8822,0.2534,0.0534,0.1714,0.0,0,0,30,0.4229,0.00504,1.0,1200
w3,raw,102003,266,picked,181,722,0.4537,0.1152,0.0591,0.2431,0.0,0,0,44,0.453,0.00251,1.0,1200
w3,raw,102006,304,picked,127,505,0.3823,0.1654,0.047,0.4803,0.0,0,0,61,0.5276,0.00301,1.0,1200
w3,raw,102007,317,picked,113,449,0.3754,0.13,0.0317,0.2743,0.0,0,0,31,0.3451,0.00332,1.0,1200
w3,raw,102009,246,picked,419,1675,0.9111,0.0973,0.0687,0.1933,0.0,0,0,81,0.5537,0.00217,1.0,12000
w3,raw,102010,287,picked,492,1965,0.8094,0.0355,0.0655,0.4858,0.0,0,0,239,0.6951,0.00165,1.0,12000
w3,raw,102012,330,picked,314,1253,1.003,0.1581,0.069,0.1369,0.0,0,0,43,0.5127,0.00319,1.0,12000
w3,raw,103000,235,picked,46,183,0.3527,0.1396,0.0569,0.0,0.0,0,0,0,0.1304,0.00767,1.0,1200
w3,raw,103001,247,picked,194,773,0.5179,0.2186,0.0457,0.5103,0.0,0,0,99,0.6186,0.00267,1.0,1200
w3,raw,103002,257,picked,96,383,0.4797,0.0904,0.0747,0.1771,0.0,0,0,17,0.3958,0.005,1.0,1200
w3,raw,103003,267,picked,186,743,0.6338,0.1265,0.1113,0.0538,0.0,0,0,10,0.4355,0.00341,1.0,1200
w3,raw,103004,279,picked,212,847,0.362,0.1522,0.0225,0.4575,0.0,0,0,97,0.6887,0.00171,1.0,1200
w3,raw,103006,305,picked,103,411,0.332,0.1075,0.0648,0.3398,0.0,0,0,35,0.5146,0.00322,1.0,1200
w3,raw,103008,329,picked,91,364,0.2816,0.107,0.0604,0.3846,0.0,0,0,35,0.5495,0.00309,1.0,1200
w3,raw,103009,250,picked,480,1917,1.3506,0.2169,0.0795,0.225,0.0,0,0,108,0.55,0.00281,1.0,12000
w3,raw,103010,293,picked,720,2880,1.6643,0.1159,0.065,0.3944,0.0,0,0,284,0.6583,0.00231,1.0,12000
w3,raw,103011,315,picked,397,1585,0.9524,0.1704,0.0313,0.2821,0.0,0,0,112,0.5844,0.0024,1.0,12000
w3,raw,103012,331,picked,468,1871,0.7286,0.1618,0.0723,0.5641,0.0,0,0,264,0.7073,0.00156,1.0,12000
w3,raw,104000,236,picked,53,210,0.3741,0.1379,0.0498,0.0189,0.0,0,0,1,0.1132,0.00706,1.0,1200
w3,raw,104001,248,picked,241,961,0.4336,0.1503,0.0517,0.4606,0.0,0,0,111,0.7261,0.0018,1.0,1200
w3,raw,104002,258,picked,84,336,0.4447,0.0847,0.0674,0.1429,0.0,0,0,12,0.4048,0.00529,1.0,1200
w3,raw,104003,269,picked,132,527,0.5802,0.1315,0.0754,0.0833,0.0,0,0,11,0.5303,0.0044,1.0,1200
w3,raw,104004,280,picked,56,224,0.333,0.0886,0.0393,0.1607,0.0,0,0,9,0.3929,0.00595,1.0,1200
w3,raw,104005,297,picked,88,350,0.4048,0.1582,0.0524,0.2727,0.0,0,0,24,0.125,0.0046,1.0,1200
w3,raw,104006,306,picked,250,998,0.8599,0.1949,0.0403,0.144,0.0,0,0,36,0.5,0.00344,1.0,1200
w3,raw,104010,295,picked,970,3878,1.2521,0.133,0.0722,0.4206,0.0,0,0,408,0.7082,0.00129,1.0,12000
w3,raw,105000,239,picked,146,584,0.3832,0.1207,0.0693,0.2329,0.0,0,0,34,0.5822,0.00262,1.0,1200
w3,raw,105002,259,picked,113,451,0.6101,0.15,0.077,0.2124,0.0,0,0,24,0.4159,0.0054,1.0,1200
w3,raw,105003,273,picked,125,498,0.3592,0.1503,0.0529,0.256,0.0,0,0,32,0.616,0.00287,1.0,1200
w3,raw,105004,281,picked,116,464,0.4964,0.1995,0.0314,0.3966,0.0,0,0,46,0.5172,0.00428,1.0,1200
w3,raw,105005,298,picked,84,333,0.3743,0.1102,0.0663,0.3452,0.0,0,0,29,0.4643,0.00446,1.0,1200
w3,raw,105006,308,picked,94,374,0.5547,0.0792,0.0761,0.1702,0.0,0,0,16,0.4043,0.0059,1.0,1200
w3,raw,105010,299,picked,443,1769,1.2373,0.2207,0.0746,0.3544,0.0,0,0,157,0.6569,0.00279,1.0,12000
w3,raw,105011,320,picked,349,1395,0.584,0.154,0.0364,0.533,0.0,0,0,186,0.7163,0.00167,1.0,12000
w3,raw,106000,242,picked,75,300,0.4754,0.1709,0.0469,0.3067,0.0,0,0,23,0.36,0.00634,1.0,1200
w3,raw,106001,251,picked,190,759,0.3778,0.163,0.0493,0.2211,0.0,0,0,42,0.7316,0.00199,1.0,1200
w3,raw,106003,274,picked,216,864,0.5754,0.1197,0.0255,0.125,0.0,0,0,27,0.6204,0.00266,1.0,1200
w3,raw,106004,283,picked,117,468,0.3598,0.1506,0.0573,0.1111,0.0,0,0,13,0.4188,0.00307,1.0,1200
w3,raw,106006,309,picked,97,386,0.5235,0.0452,0.0902,0.2577,0.0,0,0,25,0.2887,0.0054,1.0,1200
w3,raw,106007,321,picked,114,453,0.3776,0.1156,0.0555,0.3421,0.0,0,0,39,0.4386,0.00331,1.0,1200
w3,raw,106008,333,picked,178,712,0.4382,0.2076,0.0491,0.6124,0.0,0,0,109,0.7135,0.00246,1.0,1200
w3,raw,107000,243,picked,44,174,0.303,0.1063,0.0586,0.2045,0.0,0,0,9,0.2955,0.00689,1.0,1200
w3,raw,107001,252,picked,206,823,0.4134,0.108,0.0669,0.5971,0.0,0,0,123,0.699,0.00201,1.0,1200
w3,raw,107002,262,picked,97,388,0.336,0.1298,0.0299,0.0412,0.0,0,0,4,0.6392,0.00346,1.0,1200
w3,raw,107003,275,picked,133,530,0.5287,0.2014,0.0422,0.1654,0.0,0,0,22,0.3835,0.00398,1.0,1200
w3,raw,107004,284,picked,95,378,0.2527,0.0803,0.0619,0.4,0.0,0,0,38,0.4632,0.00266,1.0,1200
w3,raw,107006,311,picked,131,523,0.6517,0.1922,0.0458,0.1221,0.0,0,0,16,0.374,0.00497,1.0,1200
w3,raw,107007,325,picked,147,586,0.4811,0.1677,0.058,0.4422,0.0,0,0,65,0.5306,0.00327,1.0,1200
w3,raw,107008,335,picked,93,371,0.4005,0.1859,0.0434,0.2151,0.0,0,0,20,0.3441,0.00431,1.0,1200
w3,pruned,100000,232,picked,60,238,0.3543,0.1494,0.0386,0.05,0.0,0,0,3,0.1167,0.00591,1.0,1200
w3,pruned,100001,244,picked,105,419,0.6969,0.1926,0.0431,0.0762,0.0,0,0,8,0.1905,0.00664,1.0,1200
w3,pruned,100002,254,picked,130,519,0.6609,0.1169,0.0899,0.1692,0.0,0,0,22,0.2077,0.00508,1.0,1200
w3,pruned,100003,263,picked,105,418,0.7626,0.1629,0.0846,0.0667,0.0,0,0,7,0.1619,0.00726,1.0,1200
w3,pruned,100004,276,picked,149,595,0.4585,0.1718,0.0367,0.2013,0.0,0,0,30,0.5235,0.00308,1.0,1200
w3,pruned,100006,301,picked,159,635,0.5557,0.1368,0.0639,0.1384,0.0,0,0,22,0.3019,0.0035,1.0,1200
w3,pruned,100007,315,picked,218,869,0.9359,0.1705,0.0404,0.0229,0.0,0,0,5,0.3257,0.00429,1.0,1200
w3,pruned,100008,326,picked,71,284,0.272,0.1118,0.0509,0.3803,0.0,0,0,27,0.4507,0.00383,1.0,1200
w3,pruned,101000,233,picked,62,245,0.4038,0.1182,0.0495,0.129,0.0,0,0,8,0.2258,0.00651,1.0,1200
w3,pruned,101002,255,picked,124,494,0.6395,0.1208,0.0585,0.2984,0.0081,0,0,37,0.4758,0.00516,1.0,1200
w3,pruned,101003,265,picked,199,794,0.482,0.1682,0.0716,0.2714,0.005,0,0,54,0.5678,0.00242,1.0,1200
w3,pruned,101004,277,picked,70,280,0.3071,0.0976,0.0423,0.1714,0.0,0,0,12,0.2857,0.00439,1.0,1200
w3,pruned,101005,287,picked,199,795,0.7942,0.036,0.0924,0.201,0.0,0,0,40,0.2764,0.00399,1.0,1200
w3,pruned,101006,302,picked,149,594,0.6695,0.1202,0.0649,0.1208,0.0,0,0,18,0.2953,0.00449,1.0,1200
w3,pruned,101007,316,picked,163,650,0.5866,0.1343,0.0518,0.1718,0.0,0,0,28,0.319,0.0036,1.0,1200
w3,pruned,101008,327,picked,128,511,0.7316,0.1876,0.0649,0.1406,0.0,0,0,18,0.2969,0.00572,1.0,1200
w3,pruned,102002,256,picked,131,521,0.8747,0.2534,0.0576,0.2061,0.0,0,0,27,0.2672,0.00668,1.0,1200
w3,pruned,102003,266,picked,140,559,0.443,0.115,0.0601,0.2929,0.0,0,0,41,0.3786,0.00316,1.0,1200
w3,pruned,102006,304,picked,122,485,0.3809,0.1653,0.0489,0.4754,0.0,0,0,58,0.5164,0.00312,1.0,1200
w3,pruned,102007,317,picked,101,403,0.3656,0.1299,0.0345,0.198,0.0,0,0,20,0.3168,0.00362,1.0,1200
w3,pruned,102008,328,picked,220,878,0.8208,0.1526,0.0566,0.1,0.0,0,0,22,0.4273,0.00373,1.0,1200
w3,pruned,103000,235,picked,46,183,0.3525,0.1396,0.0569,0.0,0.0,0,0,0,0.1087,0.00766,1.0,1200
w3,pruned,103001,247,picked,109,434,0.5079,0.2184,0.0629,0.3853,0.0,0,0,42,0.422,0.00466,1.0,1200
w3,pruned,103002,257,picked,86,343,0.4724,0.0904,0.0799,0.186,0.0,0,0,16,0.3256,0.00549,1.0,1200
w3,pruned,103003,267,picked,161,643,0.6308,0.1265,0.1226,0.0,0.0,0,0,0,0.3789,0.00392,1.0,1200
w3,pruned,103004,279,picked,212,847,0.3633,0.1522,0.0225,0.4575,0.0,0,0,97,0.684,0.00171,1.0,1200
w3,pruned,103006,305,picked,97,388,0.3426,0.1074,0.0682,0.3299,0.0,0,0,32,0.5155,0.00353,1.0,1200
w3,pruned,103008,329,picked,81,324,0.2803,0.1072,0.0626,0.4444,0.0,0,0,36,0.5062,0.00346,1.0,1200
w3,pruned,104000,236,picked,53,210,0.3741,0.1379,0.0498,0.0189,0.0,0,0,1,0.1132,0.00706,1.0,1200
w3,pruned,104001,248,picked,119,476,0.4196,0.1503,0.059,0.3782,0.0,0,0,45,0.5294,0.00353,1.0,1200
w3,pruned,104002,258,picked,70,280,0.4454,0.0847,0.0808,0.1571,0.0,0,0,11,0.3,0.00636,1.0,1200
w3,pruned,104003,269,picked,115,459,0.5786,0.1315,0.0824,0.0174,0.0,0,0,2,0.5043,0.00503,1.0,1200
w3,pruned,104004,280,picked,56,224,0.333,0.0886,0.0393,0.1607,0.0,0,0,9,0.3929,0.00595,1.0,1200
w3,pruned,104005,297,picked,84,336,0.4041,0.1588,0.055,0.2738,0.0,0,0,23,0.1548,0.00481,1.0,1200
w3,pruned,104006,306,picked,157,627,0.8191,0.1948,0.0519,0.2038,0.0,0,0,32,0.3185,0.00522,1.0,1200
w3,pruned,104008,330,picked,207,825,0.9923,0.1582,0.0811,0.0145,0.0,0,0,3,0.3382,0.00479,1.0,1200
w3,pruned,105000,239,picked,91,364,0.3794,0.1207,0.0729,0.3187,0.0,0,0,29,0.3736,0.00417,1.0,1200
w3,pruned,105001,250,picked,246,982,1.339,0.217,0.0799,0.065,0.0,0,0,16,0.2276,0.00544,1.0,1200
w3,pruned,105002,259,picked,93,370,0.602,0.1501,0.0925,0.2581,0.0,0,0,24,0.3441,0.00647,1.0,1200
w3,pruned,105003,273,picked,98,391,0.357,0.15,0.0647,0.1633,0.0,0,0,16,0.5408,0.00364,1.0,1200
w3,pruned,105004,281,picked,116,464,0.4964,0.1995,0.0314,0.3966,0.0,0,0,46,0.5172,0.00428,1.0,1200
w3,pruned,105005,298,picked,75,299,0.3766,0.1106,0.0765,0.2533,0.0,0,0,19,0.4133,0.00502,1.0,1200
w3,pruned,105006,308,picked,85,337,0.5504,0.0789,0.0838,0.1059,0.0,0,0,9,0.3412,0.00648,1.0,1200
w3,pruned,105007,320,picked,195,778,0.5732,0.1548,0.0599,0.4205,0.0,0,0,82,0.5487,0.00294,1.0,1200
w3,pruned,106000,242,picked,58,229,0.478,0.1709,0.0606,0.1724,0.0,0,0,10,0.1897,0.00824,1.0,1200
w3,pruned,106001,251,picked,133,531,0.3695,0.1629,0.0642,0.0301,0.0,0,0,4,0.6541,0.00278,1.0,1200
w3,pruned,106003,274,picked,122,485,0.556,0.1196,0.0432,0.041,0.0,0,0,5,0.3525,0.00456,1.0,1200
w3,pruned,106004,283,picked,100,399,0.3579,0.1506,0.0578,0.04,0.0,0,0,4,0.34,0.00358,1.0,1200
w3,pruned,106005,299,picked,198,791,1.1661,0.2207,0.0752,0.1212,0.0,0,0,24,0.3131,0.00589,1.0,1200
w3,pruned,106006,309,picked,97,386,0.5235,0.0452,0.0902,0.2577,0.0,0,0,25,0.2887,0.0054,1.0,1200
w3,pruned,106007,321,picked,103,409,0.3741,0.1156,0.061,0.3107,0.0,0,0,32,0.4175,0.00363,1.0,1200
w3,pruned,106008,333,picked,123,492,0.4353,0.2076,0.0664,0.5447,0.0,0,0,67,0.6098,0.00354,1.0,1200
w3,pruned,107000,243,picked,44,174,0.3027,0.1063,0.0586,0.2045,0.0,0,0,9,0.3182,0.00688,1.0,1200
w3,pruned,107001,252,picked,164,653,0.4262,0.1081,0.0833,0.5305,0.0,0,0,87,0.5366,0.0026,1.0,1200
w3,pruned,107002,262,picked,58,232,0.3339,0.1298,0.0493,0.0345,0.0,0,0,2,0.3966,0.00576,1.0,1200
w3,pruned,107003,275,picked,104,416,0.5244,0.2014,0.0514,0.0096,0.0,0,0,1,0.2596,0.00504,1.0,1200
w3,pruned,107004,284,picked,82,327,0.2519,0.0804,0.0668,0.3537,0.0,0,0,29,0.4146,0.00307,1.0,1200
w3,pruned,107006,311,picked,99,393,0.6681,0.1967,0.057,0.0101,0.0,0,0,1,0.1717,0.00675,1.0,1200
w3,pruned,107007,325,picked,114,454,0.4714,0.1677,0.0656,0.4474,0.0,0,0,51,0.4649,0.00414,1.0,1200
w3,pruned,107008,335,picked,73,291,0.4024,0.1859,0.0551,0.0137,0.0,0,0,1,0.1644,0.00551,1.0,1200
