dur_s,eef_std_x,eef_std_y,eef_std_z,idle_frac,label,n_cmds,net_disp,path_len,pos,stub,tortuosity,uid,wander
15.3,0.0963,0.079,0.0656,0.3529,success,919,0.2704,1.4249,0,0,5.27,232,0.0871
15.4,0.1117,0.0489,0.0652,0.3892,success,926,0.1905,1.5713,1,0,8.25,233,0.1338
15.0,0.1133,0.055,0.0687,0.2681,success,900,0.2578,1.7466,2,0,6.775,234,0.0824
14.7,0.0809,0.0659,0.0603,0.2911,success,884,0.2244,1.6725,0,0,7.454,235,0.0973
11.3,0.1057,0.0406,0.0733,0.2286,success,679,0.2172,1.5176,1,0,6.987,236,0.0895
13.4,0.113,0.0521,0.0607,0.2943,success,803,0.2565,1.5692,2,0,6.118,237,0.0781
42.5,0.1274,0.0895,0.0709,0.5035,fail,2551,0.1914,3.4244,0,0,17.891,238,0.1238
46.0,0.1085,0.0666,0.0665,0.561,success,2757,0.2018,2.608,1,0,12.925,239,0.1658
25.7,0.0472,0.0461,0.0571,0.5671,fail,1544,0.1315,1.561,2,0,11.874,240,0.0477
17.2,0.0979,0.0622,0.0607,0.3398,success,1031,0.1158,1.857,0,0,16.037,242,0.1537
9.5,0.0799,0.0336,0.0674,0.331,success,572,0.1824,1.1113,1,0,6.093,243,0.0916
17.5,0.0943,0.043,0.0717,0.3543,success,1048,0.2753,1.7042,2,0,6.191,244,0.0592
55.4,0.1308,0.0499,0.0678,0.6714,success,3324,0.4022,2.2785,0,0,5.665,245,0.0583
43.7,0.0778,0.0311,0.0707,0.6819,success,2623,0.2927,1.6915,1,0,5.778,246,0.0717
28.9,0.1201,0.0758,0.0687,0.5749,success,1737,0.3981,1.7619,2,0,4.426,247,0.1112
51.0,0.0788,0.0784,0.0674,0.7283,success,3063,0.2983,1.653,0,0,5.542,248,0.0799
47.5,0.107,0.0408,0.0726,0.6962,fail,2852,0.2567,1.529,0,0,5.957,249,0.0951
55.9,0.1086,0.0883,0.09,0.5925,success,3351,0.2823,3.1332,2,0,11.099,250,0.1116
26.4,0.0833,0.1042,0.057,0.6854,success,1584,0.2772,1.2576,0,0,4.537,251,0.081
25.7,0.0987,0.0447,0.0644,0.6083,success,1543,0.3259,1.6124,1,0,4.947,252,0.0565
19.9,0.0515,0.0747,0.0235,0.7621,fail,1195,0.2004,0.5693,2,0,2.841,253,0.0322
26.9,0.0944,0.0783,0.0673,0.4706,success,1614,0.2569,2.1009,0,0,8.179,254,0.0816
22.9,0.0799,0.0446,0.0631,0.6526,success,1374,0.2893,1.315,1,0,4.545,255,0.0583
36.6,0.106,0.0514,0.0624,0.5983,success,2194,0.3266,2.3076,2,0,7.065,256,0.0734
16.8,0.0915,0.0666,0.0799,0.3317,success,1008,0.1841,1.4893,0,0,8.088,257,0.1042
20.9,0.0979,0.0416,0.083,0.5252,success,1252,0.3067,1.3462,1,0,4.389,258,0.0559
20.1,0.1213,0.062,0.085,0.4719,success,1209,0.3643,1.5397,2,0,4.227,259,0.0882
29.3,0.1132,0.1087,0.0701,0.5708,fail,1760,0.2431,1.7802,0,0,7.322,260,0.1063
23.5,0.1158,0.0707,0.085,0.3969,success,1412,0.3533,1.9036,0,0,5.388,261,0.0966
15.6,0.1297,0.0598,0.0537,0.391,success,937,0.1805,1.6436,1,0,9.105,262,0.1431
17.5,0.1138,0.0642,0.0786,0.4267,success,1051,0.316,1.5331,2,0,4.852,263,0.1105
48.8,0.1031,0.0837,0.0756,0.6191,success,2928,0.3536,1.7342,0,0,4.904,265,0.0768
29.9,0.1115,0.0374,0.084,0.514,success,1791,0.3822,1.3718,1,0,3.59,266,0.0702
29.5,0.1192,0.0749,0.0762,0.4619,success,1772,0.3202,1.5642,2,0,4.886,267,0.0909
84.6,0.1074,0.0774,0.0786,0.7161,fail,5077,0.2225,3.7171,0,0,16.704,268,0.0921
81.0,0.0917,0.066,0.0656,0.6234,success,4857,0.3059,4.7662,0,0,15.578,269,0.1079
61.7,0.0915,0.0597,0.075,0.7651,fail,3700,0.0969,2.0014,1,0,20.648,270,0.1749
24.5,0.0929,0.0624,0.0734,0.6294,success,1469,0.225,1.6033,0,0,7.125,273,0.1394
31.5,0.1227,0.0477,0.0654,0.6227,success,1888,0.3744,1.6638,1,0,4.444,274,0.0512
24.1,0.1153,0.0927,0.0585,0.5374,success,1445,0.3146,1.5482,2,0,4.921,275,0.0923
24.3,0.1202,0.086,0.0616,0.4764,success,1460,0.3279,1.7452,0,0,5.322,276,0.0708
14.2,0.11,0.0381,0.068,0.2966,success,854,0.2808,1.6274,1,0,5.795,277,0.0712
11.2,0.1183,0.0831,0.062,0.2784,success,669,0.2233,1.6073,2,0,7.199,278,0.1154
33.3,0.1098,0.0637,0.0561,0.5593,success,2000,0.2303,2.0376,0,0,8.848,279,0.1155
12.1,0.0844,0.0451,0.0569,0.384,success,725,0.0722,1.2767,1,0,17.676,280,0.1625
17.4,0.1293,0.1018,0.0468,0.4798,success,1041,0.2017,1.7013,2,0,8.436,281,0.1599
8.5,0.0325,0.0551,0.0221,0.7053,fail,510,0.1261,0.2755,0,0,2.184,282,0.0127
22.0,0.0856,0.0933,0.0733,0.4811,success,1321,0.2606,1.1176,0,0,4.288,283,0.0763
21.9,0.08,0.0418,0.0702,0.4867,success,1314,0.2754,0.8772,1,0,3.186,284,0.0439
13.9,0.0445,0.0714,0.0111,0.6986,fail,837,0.181,0.4176,2,0,2.307,285,0.0303
62.5,0.0774,0.0506,0.0485,0.6057,success,3752,0.3132,2.481,2,0,7.923,286,0.1261
77.0,0.1228,0.0492,0.0885,0.7696,success,4619,0.2753,2.2374,1,0,8.126,287,0.0831
55.5,0.1028,0.0903,0.0947,0.7235,fail,3328,0.3464,1.9066,0,0,5.504,288,0.0966
10.1,0.0908,0.1216,0.0009,0.6196,fail,603,0.1594,0.7169,2,0,4.498,289,0.0808
5.9,0.0,0.0,0.0,1.0,success,356,0.0001,0.0004,2,0,7.166,290,0.0
102.4,0.106,0.0442,0.0832,0.6883,success,6142,0.3784,3.9857,0,0,10.533,293,0.0799
89.4,0.1375,0.1011,0.0867,0.7071,success,5364,0.3961,2.8697,1,0,7.244,294,0.1094
103.9,0.1014,0.0314,0.0762,0.7564,success,6233,0.3852,2.4273,2,0,6.301,295,0.0827
46.5,0.0905,0.1045,0.0768,0.7427,fail,2791,0.1342,1.7796,2,0,13.262,296,0.1691
19.0,0.0796,0.0981,0.0695,0.5224,success,1138,0.1816,1.4971,0,0,8.242,297,0.2188
17.4,0.0929,0.0561,0.0723,0.4909,success,1042,0.2621,1.4426,1,0,5.505,298,0.0713
43.5,0.1212,0.0531,0.0723,0.642,success,2613,0.3395,2.3037,2,0,6.786,299,0.0953
79.5,0.1374,0.0464,0.0573,0.6813,success,4771,0.3335,2.7426,2,0,8.225,300,0.037
27.5,0.1047,0.0906,0.0768,0.4506,success,1652,0.3876,2.01,0,0,5.186,301,0.0789
19.4,0.0986,0.0376,0.0677,0.4936,success,1164,0.3483,1.476,1,0,4.238,302,0.0638
38.4,0.1077,0.0758,0.082,0.3806,success,2305,0.3483,3.37,2,0,9.676,303,0.0904
34.7,0.1084,0.0909,0.0714,0.6186,success,2080,0.2996,1.8875,0,0,6.299,304,0.0854
21.0,0.1015,0.0458,0.0788,0.5131,success,1262,0.3097,1.4623,1,0,4.721,305,0.0667
42.1,0.116,0.0717,0.0715,0.5245,success,2529,0.1841,3.0213,2,0,16.409,306,0.1636
31.4,0.0966,0.0592,0.0736,0.6186,fail,1886,0.361,1.9293,0,0,5.345,307,0.0957
22.6,0.0899,0.0685,0.0795,0.5414,success,1355,0.3084,1.6982,0,0,5.506,308,0.0729
29.2,0.0733,0.0311,0.0845,0.5619,success,1754,0.1418,2.0775,1,0,14.648,309,0.1703
30.6,0.0527,0.0811,0.0568,0.6309,fail,1835,0.222,1.7397,2,0,7.835,310,0.0416
21.7,0.0879,0.062,0.0606,0.4669,success,1301,0.2513,1.7181,2,0,6.837,311,0.0807
47.8,0.1271,0.0804,0.0607,0.7334,fail,2867,0.1693,2.3111,0,0,13.652,312,0.1546
24.9,0.116,0.0617,0.0789,0.436,fail,1494,0.4,1.9968,1,0,4.992,313,0.0646
21.7,0.1104,0.0783,0.0676,0.5154,fail,1301,0.3122,1.4676,2,0,4.701,314,0.0868
64.8,0.1054,0.0841,0.0833,0.5961,success,3891,0.2977,2.8529,0,0,9.583,315,0.0832
31.3,0.1081,0.0588,0.0806,0.4912,success,1880,0.3489,1.6993,0,0,4.87,316,0.0811
24.1,0.1029,0.0353,0.0734,0.4412,success,1447,0.3147,1.3388,1,0,4.254,317,0.0476
25.3,0.1117,0.0457,0.0662,0.4047,success,1518,0.3227,1.6069,2,0,4.98,318,0.0782
44.7,0.1244,0.0615,0.0747,0.3439,success,2682,0.3733,3.8654,0,0,10.356,319,0.0774
44.3,0.1312,0.0958,0.0687,0.6599,success,2659,0.3891,1.8222,0,0,4.683,320,0.0745
28.6,0.1113,0.0353,0.0955,0.4807,success,1715,0.3477,1.7432,1,0,5.014,321,0.0751
7.0,0.0502,0.0656,0.0229,0.3872,success,422,0.2179,0.5537,1,0,2.541,322,0.027
10.8,0.0299,0.0159,0.0166,0.8333,fail,649,0.1035,0.2496,0,0,2.412,324,0.0055
24.3,0.1061,0.0843,0.0682,0.5038,success,1460,0.3645,1.8207,0,0,4.995,325,0.0841
16.1,0.1045,0.0315,0.0702,0.4435,success,966,0.3436,1.213,1,0,3.53,326,0.0642
22.9,0.0965,0.0695,0.0601,0.4792,success,1374,0.2658,1.5936,2,0,5.995,327,0.0992
46.1,0.0756,0.0647,0.0766,0.6497,success,2767,0.2547,2.0134,0,0,7.904,328,0.0847
23.6,0.0863,0.0439,0.0846,0.6093,success,1419,0.3109,1.3553,1,0,4.36,329,0.0627
44.5,0.0982,0.0493,0.087,0.615,success,2671,0.265,2.4083,2,0,9.086,330,0.0752
47.8,0.1195,0.054,0.082,0.7318,success,2868,0.0925,1.7994,0,0,19.454,331,0.1425
67.8,0.0971,0.0654,0.0571,0.6395,success,4070,0.2784,3.5726,2,0,12.832,333,0.0789
19.1,0.1126,0.0739,0.0682,0.4147,fail,1144,0.2468,1.6371,0,0,6.633,334,0.0822
20.8,0.0955,0.0706,0.0617,0.4359,success,1249,0.073,1.6826,0,0,23.036,335,0.1377
