world,arm,uid,ic_uid,stage,n_rows,path_len,net_disp,tortuosity,idle_frac,wander,mean_step,eef_std_x,eef_std_y,eef_std_z,reward_sum
old,dH,100000,232,picked,61,0.3275,0.1405,2.332,0.0,0.0338,0.00537,0.0432,0.028,0.0233,1.0
old,dH,100001,247,picked,112,0.514,0.2117,2.428,0.0,0.0632,0.00459,0.0326,0.0648,0.0208,1.0
old,dH,100002,258,picked,74,0.4195,0.0799,5.25,0.0,0.0733,0.00567,0.0484,0.0306,0.0176,1.0
old,dH,100003,273,picked,102,0.3507,0.142,2.47,0.0,0.0588,0.00344,0.0357,0.0217,0.0202,1.0
old,dH,100004,281,picked,119,0.4618,0.1937,2.384,0.0,0.0331,0.00388,0.0338,0.0833,0.0183,1.0
old,dH,100005,298,picked,126,0.3668,0.1061,3.457,0.0,0.0729,0.00291,0.0428,0.0243,0.0154,1.0
old,dH,100006,308,picked,89,0.5332,0.0743,7.174,0.0,0.0863,0.00599,0.0371,0.0349,0.0224,1.0
old,dH,100007,320,picked,197,0.5316,0.1451,3.663,0.0,0.054,0.0027,0.0439,0.0324,0.0251,1.0
old,dH,100008,333,picked,140,0.4456,0.2015,2.211,0.0,0.0696,0.00318,0.0426,0.0468,0.0189,1.0
old,dH,101000,233,picked,66,0.3401,0.1123,3.028,0.0,0.0524,0.00515,0.0393,0.0242,0.0226,1.0
old,dH,101001,248,picked,122,0.4008,0.1426,2.81,0.0,0.0525,0.00329,0.0401,0.0185,0.0212,1.0
old,dH,101002,259,picked,96,0.6019,0.1441,4.178,0.0,0.0965,0.00627,0.0499,0.0619,0.0231,1.0
old,dH,101003,274,picked,125,0.5433,0.1128,4.815,0.0,0.0404,0.00435,0.0485,0.0223,0.0277,1.0
old,dH,101004,283,picked,107,0.3217,0.1446,2.225,0.0,0.0569,0.00301,0.0397,0.0419,0.0173,1.0
old,dH,101006,309,picked,100,0.4569,0.0473,9.659,0.0,0.0908,0.00457,0.0462,0.0151,0.016,1.0
old,dH,101007,321,picked,98,0.3106,0.1095,2.836,0.0,0.0614,0.00317,0.0298,0.0141,0.0191,1.0
old,dH,101008,335,picked,75,0.3755,0.1763,2.13,0.0,0.0508,0.00501,0.0371,0.0394,0.0218,1.0
old,dH,102001,250,picked,284,1.2728,0.2114,6.021,0.0,0.0666,0.00448,0.0535,0.1125,0.0188,1.0
old,dH,102002,262,picked,62,0.3094,0.1224,2.528,0.0,0.0492,0.00499,0.0468,0.0228,0.024,1.0
old,dH,102003,275,picked,108,0.4935,0.1954,2.526,0.0,0.0505,0.00457,0.0305,0.0465,0.0229,1.0
old,dH,102004,284,picked,95,0.2193,0.0731,3.001,0.0,0.0501,0.00231,0.0301,0.0096,0.0147,1.0
old,dH,102006,311,picked,98,0.6268,0.1911,3.28,0.0,0.0519,0.0064,0.0319,0.0712,0.0374,1.0
old,dH,102007,325,picked,116,0.4113,0.1584,2.597,0.0,0.0559,0.00355,0.0354,0.0242,0.0225,1.0
old,dH,103000,235,picked,49,0.3213,0.1318,2.438,0.0,0.0522,0.00656,0.048,0.023,0.021,1.0
old,dH,103001,251,picked,138,0.3638,0.1539,2.364,0.0,0.0516,0.00264,0.0337,0.0322,0.0164,1.0
old,dH,103002,263,picked,105,0.6755,0.1548,4.364,0.0,0.0785,0.00643,0.0387,0.0605,0.0328,1.0
old,dH,103003,276,picked,152,0.4448,0.1646,2.701,0.0,0.039,0.00293,0.0532,0.0672,0.0214,1.0
old,dH,103005,301,picked,151,0.4842,0.1297,3.733,0.0,0.0683,0.00321,0.05,0.0268,0.015,1.0
old,dH,103006,315,picked,219,0.875,0.1622,5.394,0.0,0.0371,0.004,0.0519,0.0427,0.0307,1.0
old,dH,103007,326,picked,77,0.2538,0.1063,2.389,0.0,0.0495,0.0033,0.0265,0.0111,0.0222,1.0
old,dH,104000,242,picked,60,0.4231,0.1623,2.607,0.0,0.0569,0.00705,0.047,0.0233,0.0232,1.0
old,dH,104001,252,picked,192,0.3936,0.1013,3.884,0.0,0.0684,0.00205,0.0498,0.0133,0.0111,1.0
old,dH,104002,265,picked,202,0.446,0.1607,2.775,0.005,0.063,0.00221,0.0423,0.0202,0.0181,1.0
old,dH,104003,277,picked,74,0.2868,0.0913,3.141,0.0,0.0454,0.00388,0.0336,0.006,0.0228,1.0
old,dH,104004,287,picked,201,0.7534,0.0295,25.583,0.0,0.0926,0.00375,0.0531,0.0204,0.0208,1.0
old,dH,104005,302,picked,152,0.5261,0.1147,4.586,0.0,0.0674,0.00346,0.0467,0.0235,0.0121,1.0
old,dH,104006,316,picked,199,0.8137,0.1373,5.927,0.0,0.1081,0.00409,0.0376,0.0448,0.0198,1.0
old,dH,104007,327,picked,131,0.6927,0.1821,3.803,0.0,0.061,0.00529,0.0258,0.0671,0.058,1.0
old,dH,105000,243,picked,46,0.2711,0.1002,2.705,0.0,0.0535,0.00589,0.0402,0.0237,0.0203,1.0
old,dH,105001,254,picked,162,0.6578,0.1148,5.73,0.0,0.0969,0.00406,0.0469,0.0255,0.0216,1.0
old,dH,105002,266,picked,144,0.3362,0.1087,3.095,0.0,0.0548,0.00233,0.0256,0.0086,0.0189,1.0
old,dH,105003,278,picked,70,0.4063,0.1976,2.057,0.0,0.0432,0.0058,0.035,0.0718,0.0232,1.0
old,dH,105005,304,picked,128,0.4404,0.16,2.753,0.0078,0.0619,0.00344,0.0404,0.0372,0.0205,1.0
old,dH,105006,317,picked,100,0.3286,0.1218,2.698,0.0,0.0308,0.00329,0.0364,0.0159,0.0241,1.0
old,dH,105007,328,picked,222,0.8037,0.1487,5.405,0.0,0.0564,0.00362,0.0435,0.0516,0.0502,1.0
old,dH,106002,267,picked,189,0.7575,0.1226,6.177,0.0,0.1299,0.00401,0.0421,0.056,0.017,1.0
old,dH,106003,279,picked,216,0.3481,0.145,2.4,0.0,0.0289,0.00161,0.0514,0.0492,0.0205,1.0
old,dH,106005,305,picked,100,0.3034,0.0999,3.036,0.0,0.056,0.00303,0.0437,0.0105,0.0145,1.0
old,dH,106007,329,picked,83,0.2661,0.0993,2.681,0.0,0.0503,0.00321,0.0355,0.0148,0.0146,1.0
old,dH,107001,257,picked,117,0.4707,0.087,5.407,0.0,0.0781,0.00402,0.0462,0.0254,0.016,1.0
old,dH,107002,269,picked,117,0.5521,0.1262,4.375,0.0,0.0742,0.00472,0.0406,0.031,0.0387,1.0
old,dH,107003,280,picked,59,0.2946,0.0875,3.367,0.0,0.0404,0.00499,0.0348,0.0099,0.023,1.0
old,dH,107004,297,picked,88,0.3688,0.1661,2.22,0.0,0.0563,0.00419,0.0416,0.0223,0.0212,1.0
old,dH,107005,306,picked,161,0.8207,0.1919,4.278,0.0,0.0518,0.0051,0.0421,0.056,0.0279,1.0
old,dH,107006,319,picked,114,0.5156,0.1566,3.292,0.0,0.0462,0.00452,0.0337,0.0224,0.0202,1.0
old,dH,107007,330,picked,212,0.9616,0.1563,6.154,0.0,0.0872,0.00454,0.0376,0.0617,0.0134,1.0
old,dDP,100000,232,picked,123,0.5436,0.1022,5.32,0.0,0.0748,0.00442,0.047,0.0243,0.0198,1.0
old,dDP,100002,254,picked,124,0.5106,0.1248,4.091,0.0,0.0799,0.00412,0.0447,0.0269,0.0211,1.0
old,dDP,100003,269,picked,106,0.3777,0.1959,1.928,0.0,0.0578,0.00356,0.0321,0.0387,0.0229,1.0
old,dDP,100004,280,picked,89,0.2722,0.1043,2.61,0.0,0.0527,0.00306,0.0399,0.0192,0.0167,1.0
old,dDP,100006,302,picked,91,0.4131,0.1152,3.587,0.0,0.0607,0.00454,0.0498,0.0244,0.0194,1.0
old,dDP,100007,311,picked,112,0.6999,0.1648,4.246,0.0,0.0706,0.00625,0.0254,0.0863,0.0585,1.0
old,dDP,100008,325,picked,116,0.3573,0.1588,2.25,0.0,0.0437,0.00308,0.0409,0.0365,0.0214,1.0
old,dDP,100009,233,picked,104,0.3336,0.1165,2.863,0.0,0.0631,0.00321,0.0315,0.0186,0.0192,1.0
old,dDP,100010,278,picked,161,0.8492,0.1764,4.814,0.0,0.0706,0.00527,0.0313,0.0867,0.0519,1.0
old,dDP,101003,247,picked,112,0.81,0.1397,5.797,0.0,0.0904,0.00723,0.0312,0.0785,0.0571,1.0
old,dDP,101005,273,picked,106,0.4354,0.1722,2.528,0.0,0.0514,0.00411,0.0293,0.027,0.022,1.0
old,dDP,101006,281,picked,126,0.6992,0.1851,3.777,0.0,0.0537,0.00555,0.0359,0.0829,0.0539,1.0
old,dDP,101009,304,picked,89,0.3676,0.1562,2.354,0.0,0.0538,0.00413,0.0362,0.0268,0.0215,1.0
old,dDP,101010,315,picked,146,0.4992,0.1725,2.893,0.0,0.0607,0.00342,0.0419,0.0276,0.0198,1.0
old,dDP,101012,326,picked,100,0.3882,0.0589,6.586,0.0,0.0801,0.00388,0.0481,0.0178,0.0149,1.0
old,dDP,101013,259,picked,102,0.7211,0.1508,4.783,0.0,0.0716,0.00707,0.0277,0.0705,0.0533,1.0
old,dDP,101014,301,picked,100,0.3621,0.1464,2.474,0.0,0.0506,0.00362,0.0278,0.022,0.019,1.0
old,dDP,102000,235,picked,116,0.4751,0.2009,2.366,0.0,0.0477,0.0041,0.0378,0.0407,0.0189,1.0
old,dDP,102001,248,picked,216,0.4052,0.1885,2.15,0.0,0.0629,0.00188,0.024,0.0303,0.0153,1.0
old,dDP,102002,257,picked,145,0.44,0.1729,2.544,0.0,0.0622,0.00303,0.027,0.0253,0.0162,1.0
old,dDP,102003,274,picked,96,0.3104,0.1291,2.404,0.0,0.0642,0.00323,0.0359,0.0154,0.0189,1.0
old,dDP,102004,283,picked,146,0.4312,0.176,2.45,0.0,0.039,0.00295,0.0416,0.0411,0.0212,1.0
old,dDP,102005,297,picked,120,0.4991,0.1971,2.532,0.0,0.0617,0.00416,0.0445,0.0434,0.0184,1.0
old,dDP,102006,305,picked,57,0.2909,0.1038,2.802,0.0,0.0552,0.0051,0.035,0.0178,0.0226,1.0
old,dDP,102007,316,picked,184,0.6161,0.1228,5.017,0.0,0.0705,0.00335,0.0237,0.0294,0.0208,1.0
old,dDP,102009,327,picked,134,0.8562,0.142,6.029,0.0,0.0876,0.00639,0.0306,0.0777,0.0607,1.0
old,dDP,102010,262,picked,79,0.2817,0.1025,2.749,0.0,0.0601,0.00357,0.0398,0.0182,0.0168,1.0
old,dDP,102011,319,picked,97,0.4276,0.159,2.689,0.0,0.0499,0.00441,0.033,0.0184,0.0221,1.0
old,dDP,103000,242,picked,233,0.6171,0.1691,3.649,0.0,0.0569,0.00265,0.0369,0.0313,0.0167,1.0
old,dDP,103001,250,picked,119,0.767,0.1631,4.702,0.0,0.0727,0.00645,0.0301,0.0828,0.057,1.0
old,dDP,103003,258,picked,153,0.5025,0.0331,15.192,0.0,0.0794,0.00328,0.0435,0.0113,0.0205,1.0
old,dDP,103005,276,picked,103,0.3622,0.17,2.13,0.0,0.0604,0.00352,0.0353,0.0276,0.0202,1.0
old,dDP,103006,284,picked,72,0.3005,0.109,2.758,0.0,0.0671,0.00417,0.0393,0.0199,0.0189,1.0
old,dDP,103008,298,picked,135,0.4318,0.1174,3.678,0.0,0.0693,0.0032,0.056,0.0256,0.0146,1.0
old,dDP,103009,306,picked,140,0.8068,0.2077,3.885,0.0,0.0625,0.00576,0.0254,0.0833,0.0523,1.0
old,dDP,103011,317,picked,99,0.3238,0.1162,2.787,0.0,0.0571,0.00327,0.0331,0.0159,0.0184,1.0
old,dDP,103012,328,picked,146,0.4593,0.1808,2.54,0.0,0.0578,0.00315,0.0323,0.0249,0.0182,1.0
old,dDP,103014,266,picked,113,0.3042,0.1165,2.612,0.0,0.0548,0.00269,0.0264,0.0097,0.0179,1.0
old,dDP,103015,321,picked,142,0.3317,0.1201,2.761,0.0,0.0586,0.00234,0.0448,0.0181,0.0198,1.0
old,dDP,104000,243,picked,95,0.3624,0.1172,3.092,0.0,0.0606,0.00381,0.0461,0.021,0.0216,1.0
old,dDP,104001,251,picked,152,0.5225,0.1442,3.623,0.0,0.0526,0.00344,0.0396,0.0364,0.0221,1.0
old,dDP,104002,263,picked,110,0.7682,0.1717,4.474,0.0,0.0817,0.00698,0.0214,0.0832,0.0596,1.0
old,dDP,104003,277,picked,99,0.3127,0.1157,2.703,0.0,0.0646,0.00316,0.0255,0.0117,0.0191,1.0
old,dDP,104007,308,picked,97,0.3313,0.1496,2.214,0.0,0.0506,0.00342,0.0304,0.0214,0.0202,1.0
old,dDP,104011,330,picked,152,0.7792,0.1814,4.296,0.0,0.0701,0.00513,0.0273,0.0878,0.0606,1.0
old,dDP,104013,267,picked,111,0.7594,0.1677,4.529,0.0,0.0688,0.00684,0.0233,0.0916,0.0537,1.0
old,dDP,104014,329,picked,91,0.2669,0.1052,2.536,0.0,0.0531,0.00293,0.0393,0.0202,0.017,1.0
old,dDP,105001,252,picked,123,0.385,0.1189,3.238,0.0,0.0549,0.00313,0.0545,0.0217,0.0164,1.0
old,dDP,105002,265,picked,162,0.4455,0.1789,2.49,0.0,0.0566,0.00275,0.032,0.028,0.018,1.0
old,dDP,105003,279,picked,162,0.4059,0.18,2.255,0.0,0.0512,0.00251,0.0497,0.0477,0.0187,1.0
old,dDP,105004,287,picked,88,0.3843,0.1161,3.31,0.0,0.0622,0.00437,0.0485,0.0171,0.0181,1.0
old,dDP,105006,309,picked,194,0.4946,0.0547,9.036,0.0,0.078,0.00255,0.0621,0.0087,0.0174,1.0
old,dDP,105007,320,picked,71,0.2951,0.1572,1.878,0.0,0.0477,0.00416,0.0374,0.0246,0.0221,1.0
old,dDP,105008,335,picked,209,0.4287,0.1847,2.321,0.0,0.0664,0.00205,0.031,0.0253,0.0156,1.0
old,dDP,105009,275,picked,136,0.8286,0.1683,4.924,0.0,0.0691,0.00609,0.0297,0.0836,0.0587,1.0
old,dDP,105010,333,picked,105,0.7488,0.1558,4.805,0.0,0.0745,0.00713,0.025,0.0855,0.0584,1.0
w3,dH,100000,232,picked,60,0.354,0.1493,2.37,0.0,0.0386,0.0059,0.0445,0.0284,0.0239,1.0
w3,dH,100001,247,picked,109,0.508,0.2183,2.327,0.0,0.0629,0.00466,0.0308,0.061,0.0319,1.0
w3,dH,100002,258,picked,70,0.4451,0.0847,5.253,0.0,0.0808,0.00636,0.0484,0.0218,0.0199,1.0
w3,dH,100003,273,picked,98,0.3561,0.15,2.375,0.0,0.0647,0.00363,0.0346,0.02,0.0318,1.0
w3,dH,100004,281,picked,116,0.4954,0.1994,2.484,0.0,0.0315,0.00427,0.0348,0.0856,0.0216,1.0
w3,dH,100005,298,picked,75,0.3777,0.1106,3.415,0.0,0.0765,0.00504,0.0432,0.019,0.0223,1.0
w3,dH,100006,308,picked,85,0.5503,0.0789,6.97,0.0,0.0838,0.00647,0.0365,0.0329,0.0346,1.0
w3,dH,100007,320,picked,195,0.5686,0.1543,3.685,0.0,0.0581,0.00292,0.0434,0.0331,0.0314,1.0
w3,dH,100008,333,picked,124,0.4364,0.2077,2.101,0.0,0.068,0.00352,0.0413,0.0461,0.03,1.0
w3,dH,101000,233,picked,62,0.4036,0.1182,3.415,0.0,0.0495,0.00651,0.0479,0.0216,0.0301,1.0
w3,dH,101001,248,picked,119,0.4196,0.1503,2.792,0.0,0.059,0.00353,0.041,0.0184,0.0284,1.0
w3,dH,101002,259,picked,93,0.6004,0.1501,4.001,0.0,0.0924,0.00646,0.0511,0.0557,0.0323,1.0
w3,dH,101003,274,picked,122,0.556,0.1196,4.648,0.0,0.0432,0.00456,0.0483,0.0226,0.0434,1.0
w3,dH,101004,283,picked,100,0.3579,0.1506,2.377,0.0,0.0578,0.00358,0.0404,0.0447,0.0206,1.0
w3,dH,101005,299,picked,198,1.1666,0.2207,5.286,0.0,0.0753,0.00589,0.0454,0.0825,0.0232,1.0
w3,dH,101006,309,picked,97,0.5235,0.0452,11.572,0.0,0.0902,0.0054,0.0458,0.0136,0.0176,1.0
w3,dH,101007,321,picked,97,0.3442,0.1156,2.977,0.0,0.0655,0.00355,0.0289,0.0079,0.0236,1.0
w3,dH,101008,335,picked,73,0.4024,0.1859,2.164,0.0,0.0551,0.00551,0.038,0.0443,0.026,1.0
w3,dH,102001,250,picked,246,1.339,0.217,6.171,0.0,0.0799,0.00544,0.0524,0.1135,0.0232,1.0
w3,dH,102002,262,picked,58,0.3338,0.1298,2.571,0.0,0.0493,0.00576,0.053,0.0188,0.0337,1.0
w3,dH,102003,275,picked,104,0.5258,0.2014,2.611,0.0,0.0514,0.00506,0.0309,0.048,0.0278,1.0
w3,dH,102004,284,picked,82,0.2519,0.0804,3.132,0.0,0.0668,0.00307,0.0314,0.0067,0.0229,1.0
w3,dH,102006,311,picked,99,0.6681,0.1967,3.396,0.0,0.057,0.00675,0.0335,0.0704,0.0393,1.0
w3,dH,102007,325,picked,114,0.4714,0.1677,2.811,0.0,0.0656,0.00414,0.0349,0.0255,0.026,1.0
w3,dH,103000,235,picked,46,0.3525,0.1396,2.524,0.0,0.0569,0.00766,0.0515,0.0226,0.0279,1.0
w3,dH,103001,251,picked,133,0.3695,0.1629,2.268,0.0,0.0642,0.00278,0.0294,0.0304,0.0291,1.0
w3,dH,103002,263,picked,105,0.7626,0.1629,4.681,0.0,0.0846,0.00726,0.0404,0.0615,0.0384,1.0
w3,dH,103003,276,picked,149,0.4585,0.1718,2.669,0.0,0.0367,0.00308,0.0522,0.0674,0.0304,1.0
w3,dH,103005,301,picked,159,0.5538,0.1367,4.05,0.0,0.0638,0.00348,0.041,0.0279,0.0242,1.0
w3,dH,103006,315,picked,218,0.9351,0.1705,5.485,0.0,0.0404,0.00429,0.0515,0.0427,0.0352,1.0
w3,dH,103007,326,picked,71,0.272,0.1118,2.432,0.0,0.0509,0.00383,0.0279,0.0102,0.0296,1.0
w3,dH,104000,242,picked,58,0.478,0.1709,2.797,0.0,0.0606,0.00824,0.0465,0.0258,0.0273,1.0
w3,dH,104001,252,picked,164,0.4262,0.1081,3.945,0.0,0.0833,0.0026,0.0448,0.0116,0.0169,1.0
w3,dH,104002,265,picked,199,0.482,0.1682,2.865,0.005,0.0716,0.00242,0.0395,0.0189,0.0285,1.0
w3,dH,104003,277,picked,70,0.3071,0.0976,3.147,0.0,0.0423,0.00439,0.0333,0.0062,0.0323,1.0
w3,dH,104004,287,picked,199,0.7977,0.036,22.156,0.0,0.0924,0.00401,0.0474,0.0216,0.0293,1.0
w3,dH,104005,302,picked,149,0.6695,0.1202,5.568,0.0,0.0649,0.00449,0.0456,0.019,0.0179,1.0
w3,dH,104006,316,picked,163,0.5866,0.1343,4.368,0.0,0.0518,0.0036,0.0407,0.0266,0.0304,1.0
w3,dH,104007,327,picked,128,0.7316,0.1876,3.9,0.0,0.0649,0.00572,0.0259,0.068,0.0657,1.0
w3,dH,105000,243,picked,44,0.3027,0.1063,2.849,0.0,0.0586,0.00688,0.0402,0.0202,0.0242,1.0
w3,dH,105001,254,picked,130,0.6609,0.1169,5.651,0.0,0.0899,0.00508,0.0506,0.0228,0.0392,1.0
w3,dH,105002,266,picked,140,0.4126,0.115,3.587,0.0,0.0619,0.00295,0.0237,0.0076,0.0293,1.0
w3,dH,105003,278,picked,65,0.4296,0.2047,2.099,0.0,0.0464,0.00661,0.0368,0.0714,0.0356,1.0
w3,dH,105005,304,picked,122,0.3809,0.1653,2.304,0.0,0.0489,0.00312,0.04,0.0358,0.025,1.0
w3,dH,105006,317,picked,101,0.3656,0.1299,2.815,0.0,0.0345,0.00362,0.039,0.0161,0.027,1.0
w3,dH,105007,328,picked,220,0.8208,0.1526,5.378,0.0,0.0566,0.00373,0.0426,0.0512,0.0604,1.0
w3,dH,106001,256,picked,131,0.8747,0.2534,3.451,0.0,0.0576,0.00668,0.0359,0.1083,0.0361,1.0
w3,dH,106002,267,picked,161,0.6342,0.1264,5.015,0.0,0.1226,0.00394,0.04,0.0571,0.0293,1.0
w3,dH,106003,279,picked,212,0.3633,0.1522,2.387,0.0,0.0225,0.00171,0.051,0.0497,0.0276,1.0
w3,dH,106005,305,picked,97,0.3426,0.1074,3.19,0.0,0.0682,0.00353,0.0416,0.0101,0.0201,1.0
w3,dH,106007,329,picked,82,0.2817,0.107,2.633,0.0,0.062,0.00344,0.0349,0.0146,0.0176,1.0
w3,dH,107001,257,picked,86,0.4724,0.0904,5.229,0.0,0.0799,0.00549,0.0508,0.0316,0.021,1.0
w3,dH,107002,269,picked,115,0.5786,0.1315,4.401,0.0,0.0824,0.00503,0.0421,0.0318,0.0425,1.0
w3,dH,107003,280,picked,56,0.333,0.0886,3.76,0.0,0.0393,0.00595,0.0357,0.0101,0.0344,1.0
w3,dH,107004,297,picked,84,0.4041,0.1588,2.545,0.0,0.055,0.00481,0.0376,0.0221,0.0363,1.0
w3,dH,107005,306,picked,157,0.8191,0.1948,4.204,0.0,0.0519,0.00522,0.0398,0.0509,0.0458,1.0
w3,dH,107006,319,picked,110,0.5466,0.1651,3.312,0.0,0.0457,0.00497,0.034,0.0224,0.021,1.0
w3,dH,107007,330,picked,207,0.9923,0.1582,6.274,0.0,0.0811,0.00479,0.0314,0.0643,0.0316,1.0
w3,dDP,100001,232,picked,106,0.4728,0.1566,3.02,0.0,0.0416,0.00446,0.0371,0.0262,0.021,1.0
w3,dDP,100003,254,picked,126,0.6473,0.1181,5.483,0.0,0.0883,0.00514,0.0495,0.0226,0.0393,1.0
w3,dDP,100004,269,picked,128,0.6002,0.1371,4.376,0.0,0.0878,0.00469,0.0416,0.0304,0.041,1.0
w3,dDP,100005,280,picked,104,0.3496,0.1273,2.747,0.0,0.0337,0.00336,0.0387,0.0145,0.0268,1.0
w3,dDP,100007,302,picked,160,0.6812,0.1235,5.515,0.0,0.0608,0.00426,0.0439,0.0181,0.0168,1.0
w3,dDP,100008,311,picked,138,0.6173,0.1321,4.672,0.0,0.113,0.00447,0.0425,0.0576,0.0307,1.0
w3,dDP,100009,325,picked,121,0.4826,0.1702,2.835,0.0,0.0536,0.00399,0.0338,0.0236,0.0249,1.0
w3,dDP,100010,233,picked,80,0.5091,0.0667,7.632,0.0,0.0676,0.00636,0.0421,0.0187,0.027,1.0
w3,dDP,100011,278,picked,145,0.6305,0.1265,4.983,0.0,0.1184,0.00435,0.0415,0.0574,0.0305,1.0
w3,dDP,101003,247,picked,104,0.5279,0.2186,2.415,0.0,0.0588,0.00508,0.03,0.0622,0.0321,1.0
w3,dDP,101004,256,picked,105,0.7672,0.1624,4.724,0.0,0.0841,0.00731,0.0391,0.0601,0.038,1.0
w3,dDP,101005,273,picked,86,0.3555,0.1488,2.389,0.0,0.0516,0.00413,0.0361,0.0215,0.0323,1.0
w3,dDP,101006,281,picked,121,0.5303,0.1957,2.709,0.0,0.0263,0.00438,0.0357,0.0849,0.0215,1.0
w3,dDP,101008,304,picked,235,0.9212,0.1627,5.662,0.0,0.0509,0.00392,0.0451,0.0593,0.058,1.0
w3,dDP,101009,315,picked,200,0.8825,0.1723,5.121,0.0,0.0405,0.00441,0.0479,0.0396,0.0356,1.0
w3,dDP,101010,326,picked,99,0.5065,0.0448,11.297,0.0,0.0822,0.00512,0.0457,0.0141,0.0168,1.0
w3,dDP,101011,259,picked,97,0.6132,0.1371,4.475,0.0,0.096,0.00632,0.05,0.0551,0.0317,1.0
w3,dDP,101012,301,picked,143,0.5692,0.1295,4.394,0.0,0.0598,0.00398,0.0421,0.0264,0.0239,1.0
w3,dDP,102001,235,picked,73,0.4292,0.1022,4.198,0.0,0.073,0.00588,0.0461,0.0194,0.0258,1.0
w3,dDP,102003,248,picked,143,0.5579,0.1579,3.534,0.0,0.0732,0.0039,0.0402,0.0266,0.0408,1.0
w3,dDP,102004,257,picked,81,0.4773,0.0993,4.806,0.0,0.0768,0.00589,0.0501,0.0321,0.0213,1.0
w3,dDP,102005,274,picked,113,0.5414,0.1212,4.466,0.0,0.0409,0.00479,0.0488,0.0224,0.0434,1.0
w3,dDP,102006,283,picked,136,0.3786,0.1517,2.496,0.0,0.0617,0.00278,0.0374,0.0413,0.0192,1.0
w3,dDP,102007,297,picked,89,0.4059,0.1588,2.556,0.0,0.0553,0.00456,0.0358,0.0205,0.0358,1.0
w3,dDP,102008,305,picked,42,0.2854,0.1025,2.786,0.0,0.0472,0.0068,0.0386,0.0179,0.0215,1.0
w3,dDP,102009,316,picked,168,0.5499,0.1534,3.584,0.0,0.0551,0.00327,0.04,0.028,0.0294,1.0
w3,dDP,102010,327,picked,122,0.7235,0.1827,3.96,0.0,0.0602,0.00593,0.0266,0.0685,0.0667,1.0
w3,dDP,102011,262,picked,48,0.3387,0.1358,2.494,0.0,0.0612,0.00706,0.0465,0.017,0.0306,1.0
w3,dDP,102012,319,picked,113,0.5538,0.1655,3.346,0.0,0.0441,0.0049,0.0338,0.0226,0.0211,1.0
w3,dDP,103000,242,picked,57,0.478,0.1684,2.838,0.0,0.0588,0.00839,0.0463,0.0254,0.0275,1.0
w3,dDP,103001,250,picked,135,0.4741,0.2079,2.28,0.0,0.0714,0.00351,0.0401,0.0429,0.0293,1.0
w3,dDP,103002,258,picked,73,0.4411,0.084,5.249,0.0,0.0774,0.00604,0.0469,0.0208,0.0206,1.0
w3,dDP,103003,276,picked,137,0.479,0.1727,2.774,0.0,0.038,0.0035,0.0522,0.0691,0.0309,1.0
w3,dDP,103004,284,picked,88,0.2688,0.0833,3.227,0.0,0.0666,0.00305,0.031,0.0067,0.0237,1.0
w3,dDP,103005,298,picked,118,0.5306,0.1211,4.381,0.0,0.0397,0.0045,0.0491,0.0213,0.0432,1.0
w3,dDP,103006,306,picked,162,0.9228,0.206,4.481,0.0,0.0618,0.0057,0.0448,0.0753,0.0244,1.0
w3,dDP,103007,317,picked,65,0.3325,0.1064,3.124,0.0,0.0487,0.00512,0.0366,0.0163,0.0239,1.0
w3,dDP,103008,328,picked,212,0.8105,0.1479,5.479,0.0,0.0534,0.00382,0.0432,0.051,0.0604,1.0
w3,dDP,103009,266,picked,147,0.4231,0.1115,3.794,0.0,0.0433,0.00288,0.023,0.0068,0.0281,1.0
w3,dDP,103010,321,picked,113,0.3388,0.1154,2.937,0.0,0.0625,0.003,0.0277,0.0072,0.0217,1.0
w3,dDP,104000,243,picked,57,0.3487,0.1289,2.705,0.0,0.0498,0.00612,0.0525,0.0191,0.034,1.0
w3,dDP,104001,251,picked,142,0.3888,0.1599,2.432,0.0,0.0554,0.00274,0.0291,0.0293,0.028,1.0
w3,dDP,104002,263,picked,105,0.7597,0.1542,4.928,0.0,0.0823,0.00723,0.04,0.0602,0.0379,1.0
w3,dDP,104003,277,picked,72,0.3141,0.0962,3.266,0.0,0.0402,0.00436,0.0329,0.0065,0.0326,1.0
w3,dDP,104005,299,picked,177,0.9274,0.2198,4.22,0.0,0.0713,0.00524,0.0464,0.0807,0.0243,1.0
w3,dDP,104007,308,picked,144,0.5617,0.1353,4.151,0.0,0.0548,0.0039,0.0422,0.0278,0.0236,1.0
w3,dDP,104011,330,picked,231,1.1874,0.1577,7.53,0.0,0.0798,0.00514,0.0292,0.0622,0.0302,1.0
w3,dDP,104012,267,picked,79,0.5265,0.1567,3.36,0.0,0.0699,0.00666,0.039,0.0685,0.0354,1.0
w3,dDP,104013,329,picked,80,0.2892,0.1061,2.726,0.0,0.0566,0.00361,0.0357,0.015,0.0172,1.0
w3,dDP,105002,252,picked,227,0.4442,0.1046,4.247,0.0,0.0753,0.00196,0.039,0.0091,0.0134,1.0
w3,dDP,105003,265,picked,201,0.5052,0.1673,3.02,0.0,0.0613,0.00251,0.039,0.0191,0.0282,1.0
w3,dDP,105005,279,picked,199,0.4095,0.1527,2.683,0.0,0.0239,0.00206,0.051,0.049,0.0279,1.0
w3,dDP,105006,287,picked,216,0.8103,0.0364,22.291,0.0,0.0973,0.00375,0.0462,0.0218,0.0293,1.0
w3,dDP,105008,309,picked,98,0.5236,0.0431,12.157,0.0,0.0848,0.00534,0.0458,0.0141,0.0168,1.0
w3,dDP,105009,320,picked,186,0.8379,0.1347,6.218,0.0,0.0562,0.0045,0.0434,0.0451,0.0593,1.0
w3,dDP,105010,335,picked,95,0.3737,0.1563,2.391,0.0,0.057,0.00393,0.0403,0.0476,0.0215,1.0
w3,dDP,105011,275,picked,118,0.5612,0.1872,2.998,0.0,0.0476,0.00476,0.0308,0.0505,0.0284,1.0
w3,dDP,105012,333,picked,125,0.46,0.2136,2.154,0.0,0.065,0.00368,0.0408,0.0453,0.0296,1.0
