run,cell,arm,episodes,ep_diff,moved,structural_only,cols_changed,structural_cols,orig_host,orig_cores,orig_isa,rescore_host,rescore_cores,rescore_isa
full_r2d_state_dDPfull_bnormclampS8ent5_s0,fresh_eval_hold15_mode,machine,15,0,0,1,placed_v2,placed_v2,pax033,64,avx512,,,
full_r2d_state_dDPfull_bnormclampS8ent5_s0,fresh_eval_hold15_sample,machine,15,0,0,1,placed_v2,placed_v2,pax033,64,avx512,,,
full_r2d_state_dDPfull_bnormclampS8ent5_s0,fresh_eval_rnd30_mode,machine,30,0,0,1,placed_v2,placed_v2,pax033,64,avx512,,,
full_r2d_state_dDPfull_bnormclampS8ent5_s0,fresh_eval_rnd30_sample,machine,30,0,0,1,placed_v2,placed_v2,pax033,64,avx512,,,
full_r2d_state_dDPfull_bnormclampS8ent5_s1,fresh_eval_hold15_mode,machine,15,0,0,1,placed_v2,placed_v2,pax056,64,avx512,,,
full_r2d_state_dDPfull_bnormclampS8ent5_s1,fresh_eval_hold15_sample,machine,15,0,0,1,placed_v2,placed_v2,pax056,64,avx512,,,
full_r2d_state_dDPfull_bnormclampS8ent5_s1,fresh_eval_rnd30_mode,machine,30,0,0,1,placed_v2,placed_v2,pax056,64,avx512,,,
full_r2d_state_dDPfull_bnormclampS8ent5_s1,fresh_eval_rnd30_sample,machine,30,0,0,1,placed_v2,placed_v2,pax056,64,avx512,,,
full_r2d_state_dDPfull_bnormclampS8ent5_s2,fresh_eval_hold15_mode,machine,15,0,0,1,placed_v2,placed_v2,pax035,64,,,,
full_r2d_state_dDPfull_bnormclampS8ent5_s2,fresh_eval_hold15_sample,machine,15,0,0,1,placed_v2,placed_v2,pax035,64,,,,
full_r2d_state_dDPfull_bnormclampS8ent5_s2,fresh_eval_rnd30_mode,machine,30,0,0,1,placed_v2,placed_v2,pax035,64,,,,
full_r2d_state_dDPfull_bnormclampS8ent5_s2,fresh_eval_rnd30_sample,machine,30,0,0,1,placed_v2,placed_v2,pax035,64,,,,
full_r2d_state_dDPfull_bnormclampS8ent5_s3,fresh_eval_hold15_mode,machine,15,0,0,1,placed_v2,placed_v2,pax056,64,avx512,,,
full_r2d_state_dDPfull_bnormclampS8ent5_s3,fresh_eval_hold15_sample,machine,15,0,0,0,,,pax056,64,avx512,,,
full_r2d_state_dDPfull_bnormclampS8ent5_s3,fresh_eval_rnd30_mode,machine,30,0,0,1,placed_v2,placed_v2,pax056,64,avx512,,,
full_r2d_state_dDPfull_bnormclampS8ent5_s3,fresh_eval_rnd30_sample,machine,30,0,0,1,placed_v2,placed_v2,pax056,64,avx512,,,
full_r2d_state_dDPfull_bnormclampS8ent5_s4,fresh_eval_hold15_mode,machine,15,0,0,1,placed_v2,placed_v2,pax111,64,avx512,,,
full_r2d_state_dDPfull_bnormclampS8ent5_s4,fresh_eval_hold15_sample,machine,15,0,0,1,placed_v2,placed_v2,pax111,64,avx512,,,
full_r2d_state_dDPfull_bnormclampS8ent5_s4,fresh_eval_rnd30_mode,machine,30,0,0,1,placed_v2,placed_v2,pax111,64,avx512,,,
full_r2d_state_dDPfull_bnormclampS8ent5_s4,fresh_eval_rnd30_sample,machine,30,0,0,1,placed_v2,placed_v2,pax111,64,avx512,,,
full_r2d_state_dDPfull_bnormclampS8ent5_s5,fresh_eval_hold15_mode,machine,15,0,0,1,placed_v2,placed_v2,pax112,64,avx512,,,
full_r2d_state_dDPfull_bnormclampS8ent5_s5,fresh_eval_hold15_sample,machine,15,0,0,1,placed_v2,placed_v2,pax112,64,avx512,,,
full_r2d_state_dDPfull_bnormclampS8ent5_s5,fresh_eval_rnd30_mode,machine,30,0,0,1,placed_v2,placed_v2,pax112,64,avx512,,,
full_r2d_state_dDPfull_bnormclampS8ent5_s5,fresh_eval_rnd30_sample,machine,30,0,0,1,placed_v2,placed_v2,pax112,64,avx512,,,
full_r2d_state_dDPfull_bnormclampS8ent5_s6,fresh_eval_hold15_mode,machine,15,0,0,0,,,pax112,64,avx512,,,
full_r2d_state_dDPfull_bnormclampS8ent5_s6,fresh_eval_hold15_sample,machine,15,0,0,1,placed_v2,placed_v2,pax112,64,avx512,,,
full_r2d_state_dDPfull_bnormclampS8ent5_s6,fresh_eval_rnd30_mode,machine,30,0,0,1,placed_v2,placed_v2,pax112,64,avx512,,,
full_r2d_state_dDPfull_bnormclampS8ent5_s6,fresh_eval_rnd30_sample,machine,30,0,0,1,placed_v2,placed_v2,pax112,64,avx512,,,
full_r2d_state_dDPfull_bnormclampS8ent5_s7,fresh_eval_hold15_mode,machine,15,0,0,1,placed_v2,placed_v2,pax112,64,avx512,,,
full_r2d_state_dDPfull_bnormclampS8ent5_s7,fresh_eval_hold15_sample,machine,15,0,0,1,placed_v2,placed_v2,pax112,64,avx512,,,
full_r2d_state_dDPfull_bnormclampS8ent5_s7,fresh_eval_rnd30_mode,machine,30,0,0,1,placed_v2,placed_v2,pax112,64,avx512,,,
full_r2d_state_dDPfull_bnormclampS8ent5_s7,fresh_eval_rnd30_sample,machine,30,0,0,1,placed_v2,placed_v2,pax112,64,avx512,,,
full_r2d_state_dHfull_all_bnormclampS8ent5_s0,fresh_eval_hold15_mode,human,15,0,0,1,placed_v2,placed_v2,pax033,64,avx512,,,
full_r2d_state_dHfull_all_bnormclampS8ent5_s0,fresh_eval_hold15_sample,human,15,0,0,1,placed_v2,placed_v2,pax033,64,avx512,,,
full_r2d_state_dHfull_all_bnormclampS8ent5_s0,fresh_eval_rnd30_mode,human,30,0,0,1,placed_v2,placed_v2,pax033,64,avx512,,,
full_r2d_state_dHfull_all_bnormclampS8ent5_s0,fresh_eval_rnd30_sample,human,30,0,0,1,placed_v2,placed_v2,pax033,64,avx512,,,
full_r2d_state_dHfull_all_bnormclampS8ent5_s1,fresh_eval_hold15_mode,human,15,0,0,0,,,pax033,64,avx512,,,
full_r2d_state_dHfull_all_bnormclampS8ent5_s1,fresh_eval_hold15_sample,human,15,0,0,1,placed_v2,placed_v2,pax033,64,avx512,,,
full_r2d_state_dHfull_all_bnormclampS8ent5_s1,fresh_eval_rnd30_mode,human,30,0,0,1,placed_v2,placed_v2,pax033,64,avx512,,,
full_r2d_state_dHfull_all_bnormclampS8ent5_s1,fresh_eval_rnd30_sample,human,30,0,0,1,placed_v2,placed_v2,pax033,64,avx512,,,
full_r2d_state_dHfull_all_bnormclampS8ent5_s2,fresh_eval_hold15_mode,human,15,6,1,0,contact|picked|placed|placed_v2,placed_v2,pax109,36,avx2,,,
full_r2d_state_dHfull_all_bnormclampS8ent5_s2,fresh_eval_hold15_sample,human,15,7,1,0,contact|nested|placed_v2,placed_v2,pax109,36,avx2,,,
full_r2d_state_dHfull_all_bnormclampS8ent5_s2,fresh_eval_rnd30_mode,human,30,14,1,0,contact|nested|picked|placed_v2,placed_v2,pax109,36,avx2,,,
full_r2d_state_dHfull_all_bnormclampS8ent5_s2,fresh_eval_rnd30_sample,human,30,16,1,0,nested|placed_v2,placed_v2,pax109,36,avx2,,,
full_r2d_state_dHfull_all_bnormclampS8ent5_s3,fresh_eval_hold15_mode,human,15,8,1,0,contact|nested|picked|placed_v2,placed_v2,pax109,36,avx2,,,
full_r2d_state_dHfull_all_bnormclampS8ent5_s3,fresh_eval_hold15_sample,human,15,9,1,0,contact|nested|picked|placed_v2,placed_v2,pax109,36,avx2,,,
full_r2d_state_dHfull_all_bnormclampS8ent5_s3,fresh_eval_rnd30_mode,human,30,19,1,0,contact|picked|placed_v2,placed_v2,pax109,36,avx2,,,
full_r2d_state_dHfull_all_bnormclampS8ent5_s3,fresh_eval_rnd30_sample,human,30,11,1,0,contact|nested|picked|placed_v2,placed_v2,pax109,36,avx2,,,
full_r2d_state_dHfull_all_bnormclampS8ent5_s4,fresh_eval_hold15_mode,human,15,0,0,0,,,pax047,96,avx512,,,
full_r2d_state_dHfull_all_bnormclampS8ent5_s4,fresh_eval_hold15_sample,human,15,0,0,1,placed_v2,placed_v2,pax047,96,avx512,,,
full_r2d_state_dHfull_all_bnormclampS8ent5_s4,fresh_eval_rnd30_mode,human,30,0,0,1,placed_v2,placed_v2,pax047,96,avx512,,,
full_r2d_state_dHfull_all_bnormclampS8ent5_s4,fresh_eval_rnd30_sample,human,30,0,0,1,placed_v2,placed_v2,pax047,96,avx512,,,
full_r2d_state_dHfull_all_bnormclampS8ent5_s5,fresh_eval_hold15_mode,human,15,0,0,1,placed_v2,placed_v2,pax064,64,avx512,,,
full_r2d_state_dHfull_all_bnormclampS8ent5_s5,fresh_eval_hold15_sample,human,15,0,0,1,placed_v2,placed_v2,pax064,64,avx512,,,
full_r2d_state_dHfull_all_bnormclampS8ent5_s5,fresh_eval_rnd30_mode,human,30,0,0,1,placed_v2,placed_v2,pax064,64,avx512,,,
full_r2d_state_dHfull_all_bnormclampS8ent5_s5,fresh_eval_rnd30_sample,human,30,0,0,1,placed_v2,placed_v2,pax064,64,avx512,,,
full_r2d_state_dHfull_all_bnormclampS8ent5_s6,fresh_eval_hold15_mode,human,15,0,0,0,,,pax064,64,avx512,,,
full_r2d_state_dHfull_all_bnormclampS8ent5_s6,fresh_eval_hold15_sample,human,15,0,0,1,placed_v2,placed_v2,pax064,64,avx512,,,
full_r2d_state_dHfull_all_bnormclampS8ent5_s6,fresh_eval_rnd30_mode,human,30,0,0,1,placed_v2,placed_v2,pax064,64,avx512,,,
full_r2d_state_dHfull_all_bnormclampS8ent5_s6,fresh_eval_rnd30_sample,human,30,0,0,1,placed_v2,placed_v2,pax064,64,avx512,,,
full_r2d_state_dHfull_all_bnormclampS8ent5_s7,fresh_eval_hold15_mode,human,15,0,0,0,,,pax111,64,avx512,,,
full_r2d_state_dHfull_all_bnormclampS8ent5_s7,fresh_eval_hold15_sample,human,15,0,0,0,,,pax111,64,avx512,,,
full_r2d_state_dHfull_all_bnormclampS8ent5_s7,fresh_eval_rnd30_mode,human,30,0,0,1,placed_v2,placed_v2,pax111,64,avx512,,,
full_r2d_state_dHfull_all_bnormclampS8ent5_s7,fresh_eval_rnd30_sample,human,30,0,0,1,placed_v2,placed_v2,pax111,64,avx512,,,
s2_r2d_carrycontact_state_dDP_bnormclamp1ent5_n21_s0,fresh_eval_holdE_mode,machine,13,0,0,0,,,pax113,64,avx512,,,
s2_r2d_carrycontact_state_dDP_bnormclamp1ent5_n21_s0,fresh_eval_holdE_sample,machine,13,0,0,0,,,pax113,64,avx512,,,
s2_r2d_carrycontact_state_dDP_bnormclamp1ent5_n21_s0,fresh_eval_polE_mode,machine,148,0,0,0,,,pax113,64,avx512,,,
s2_r2d_carrycontact_state_dDP_bnormclamp1ent5_n21_s0,fresh_eval_polE_sample,machine,148,0,0,0,,,pax113,64,avx512,,,
s2_r2d_carrycontact_state_dDP_bnormclamp1ent5_n21_s1,fresh_eval_holdE_mode,machine,13,0,0,0,,,pax062,64,avx512,,,
s2_r2d_carrycontact_state_dDP_bnormclamp1ent5_n21_s1,fresh_eval_holdE_sample,machine,13,0,0,0,,,pax062,64,avx512,,,
s2_r2d_carrycontact_state_dDP_bnormclamp1ent5_n21_s1,fresh_eval_polE_mode,machine,148,0,0,0,,,pax062,64,avx512,,,
s2_r2d_carrycontact_state_dDP_bnormclamp1ent5_n21_s1,fresh_eval_polE_sample,machine,148,0,0,0,,,pax062,64,avx512,,,
s2_r2d_carrycontact_state_dDP_bnormclamp1ent5_n21_s2,fresh_eval_holdE_mode,machine,13,0,0,0,,,pax062,64,avx512,,,
s2_r2d_carrycontact_state_dDP_bnormclamp1ent5_n21_s2,fresh_eval_holdE_sample,machine,13,0,0,0,,,pax062,64,avx512,,,
s2_r2d_carrycontact_state_dDP_bnormclamp1ent5_n21_s2,fresh_eval_polE_mode,machine,148,0,0,0,,,pax062,64,avx512,,,
s2_r2d_carrycontact_state_dDP_bnormclamp1ent5_n21_s2,fresh_eval_polE_sample,machine,148,0,0,0,,,pax062,64,avx512,,,
s2_r2d_carrycontact_state_dDP_bnormclamp1ent5_n21_s3,fresh_eval_holdE_mode,machine,13,0,0,0,,,pax062,64,avx512,,,
s2_r2d_carrycontact_state_dDP_bnormclamp1ent5_n21_s3,fresh_eval_holdE_sample,machine,13,0,0,0,,,pax062,64,avx512,,,
s2_r2d_carrycontact_state_dDP_bnormclamp1ent5_n21_s3,fresh_eval_polE_mode,machine,148,0,0,0,,,pax062,64,avx512,,,
s2_r2d_carrycontact_state_dDP_bnormclamp1ent5_n21_s3,fresh_eval_polE_sample,machine,148,0,0,0,,,pax062,64,avx512,,,
s2_r2d_carrycontact_state_dDP_bnormclamp1ent5_n21_s4,fresh_eval_holdE_mode,machine,13,0,0,0,,,pax062,64,avx512,,,
s2_r2d_carrycontact_state_dDP_bnormclamp1ent5_n21_s4,fresh_eval_holdE_sample,machine,13,0,0,0,,,pax062,64,avx512,,,
s2_r2d_carrycontact_state_dDP_bnormclamp1ent5_n21_s4,fresh_eval_polE_mode,machine,148,0,0,0,,,pax062,64,avx512,,,
s2_r2d_carrycontact_state_dDP_bnormclamp1ent5_n21_s4,fresh_eval_polE_sample,machine,148,0,0,0,,,pax062,64,avx512,,,
s2_r2d_carrycontact_state_dDP_bnormclamp1ent5_n21_s5,fresh_eval_holdE_mode,machine,13,0,0,0,,,pax118,48,avx512,,,
s2_r2d_carrycontact_state_dDP_bnormclamp1ent5_n21_s5,fresh_eval_holdE_sample,machine,13,0,0,0,,,pax118,48,avx512,,,
s2_r2d_carrycontact_state_dDP_bnormclamp1ent5_n21_s5,fresh_eval_polE_mode,machine,148,0,0,0,,,pax118,48,avx512,,,
s2_r2d_carrycontact_state_dDP_bnormclamp1ent5_n21_s5,fresh_eval_polE_sample,machine,148,0,0,0,,,pax118,48,avx512,,,
s2_r2d_carrycontact_state_dDP_bnormclamp1ent5_n21_s6,fresh_eval_holdE_mode,machine,13,0,0,0,,,pax118,48,avx512,,,
s2_r2d_carrycontact_state_dDP_bnormclamp1ent5_n21_s6,fresh_eval_holdE_sample,machine,13,0,0,0,,,pax118,48,avx512,,,
s2_r2d_carrycontact_state_dDP_bnormclamp1ent5_n21_s6,fresh_eval_polE_mode,machine,148,0,0,0,,,pax118,48,avx512,,,
s2_r2d_carrycontact_state_dDP_bnormclamp1ent5_n21_s6,fresh_eval_polE_sample,machine,148,0,0,0,,,pax118,48,avx512,,,
s2_r2d_carrycontact_state_dDP_bnormclamp1ent5_n21_s7,fresh_eval_holdE_mode,machine,13,0,0,0,,,pax118,48,avx512,,,
s2_r2d_carrycontact_state_dDP_bnormclamp1ent5_n21_s7,fresh_eval_holdE_sample,machine,13,0,0,0,,,pax118,48,avx512,,,
s2_r2d_carrycontact_state_dDP_bnormclamp1ent5_n21_s7,fresh_eval_polE_mode,machine,148,0,0,0,,,pax118,48,avx512,,,
s2_r2d_carrycontact_state_dDP_bnormclamp1ent5_n21_s7,fresh_eval_polE_sample,machine,148,0,0,0,,,pax118,48,avx512,,,
s2_r2d_carrycontact_state_dH_bnormclamp1ent5_s0,fresh_eval_holdE_mode,human,13,0,0,0,,,pax110,64,avx512,,,
s2_r2d_carrycontact_state_dH_bnormclamp1ent5_s0,fresh_eval_holdE_sample,human,13,0,0,0,,,pax110,64,avx512,,,
s2_r2d_carrycontact_state_dH_bnormclamp1ent5_s0,fresh_eval_polE_mode,human,148,0,0,0,,,pax110,64,avx512,,,
s2_r2d_carrycontact_state_dH_bnormclamp1ent5_s0,fresh_eval_polE_sample,human,148,0,0,0,,,pax110,64,avx512,,,
s2_r2d_carrycontact_state_dH_bnormclamp1ent5_s1,fresh_eval_holdE_mode,human,13,0,0,0,,,pax119,48,avx512,,,
s2_r2d_carrycontact_state_dH_bnormclamp1ent5_s1,fresh_eval_holdE_sample,human,13,0,0,0,,,pax119,48,avx512,,,
s2_r2d_carrycontact_state_dH_bnormclamp1ent5_s1,fresh_eval_polE_mode,human,148,0,0,0,,,pax119,48,avx512,,,
s2_r2d_carrycontact_state_dH_bnormclamp1ent5_s1,fresh_eval_polE_sample,human,148,0,0,0,,,pax119,48,avx512,,,
s2_r2d_carrycontact_state_dH_bnormclamp1ent5_s2,fresh_eval_holdE_mode,human,13,0,0,0,,,pax119,48,avx512,,,
s2_r2d_carrycontact_state_dH_bnormclamp1ent5_s2,fresh_eval_holdE_sample,human,13,0,0,0,,,pax119,48,avx512,,,
s2_r2d_carrycontact_state_dH_bnormclamp1ent5_s2,fresh_eval_polE_mode,human,148,0,0,0,,,pax119,48,avx512,,,
s2_r2d_carrycontact_state_dH_bnormclamp1ent5_s2,fresh_eval_polE_sample,human,148,0,0,0,,,pax119,48,avx512,,,
s2_r2d_carrycontact_state_dH_bnormclamp1ent5_s3,fresh_eval_holdE_mode,human,13,0,0,0,,,pax118,48,avx512,,,
s2_r2d_carrycontact_state_dH_bnormclamp1ent5_s3,fresh_eval_holdE_sample,human,13,0,0,0,,,pax118,48,avx512,,,
s2_r2d_carrycontact_state_dH_bnormclamp1ent5_s3,fresh_eval_polE_mode,human,148,0,0,0,,,pax118,48,avx512,,,
s2_r2d_carrycontact_state_dH_bnormclamp1ent5_s3,fresh_eval_polE_sample,human,148,0,0,0,,,pax118,48,avx512,,,
s2_r2d_carrycontact_state_dH_bnormclamp1ent5_s4,fresh_eval_holdE_mode,human,13,0,0,0,,,pax106,64,,,,
s2_r2d_carrycontact_state_dH_bnormclamp1ent5_s4,fresh_eval_holdE_sample,human,13,0,0,0,,,pax106,64,,,,
s2_r2d_carrycontact_state_dH_bnormclamp1ent5_s4,fresh_eval_polE_mode,human,148,0,0,0,,,pax106,64,,,,
s2_r2d_carrycontact_state_dH_bnormclamp1ent5_s4,fresh_eval_polE_sample,human,148,0,0,0,,,pax106,64,,,,
s2_r2d_carrycontact_state_dH_bnormclamp1ent5_s5,fresh_eval_holdE_mode,human,13,0,0,0,,,pax106,64,,,,
s2_r2d_carrycontact_state_dH_bnormclamp1ent5_s5,fresh_eval_holdE_sample,human,13,0,0,0,,,pax106,64,,,,
s2_r2d_carrycontact_state_dH_bnormclamp1ent5_s5,fresh_eval_polE_mode,human,148,0,0,0,,,pax106,64,,,,
s2_r2d_carrycontact_state_dH_bnormclamp1ent5_s5,fresh_eval_polE_sample,human,148,0,0,0,,,pax106,64,,,,
s2_r2d_carrycontact_state_dH_bnormclamp1ent5_s6,fresh_eval_holdE_mode,human,13,0,0,0,,,pax143,32,,,,
s2_r2d_carrycontact_state_dH_bnormclamp1ent5_s6,fresh_eval_holdE_sample,human,13,0,0,0,,,pax143,32,,,,
s2_r2d_carrycontact_state_dH_bnormclamp1ent5_s6,fresh_eval_polE_mode,human,148,0,0,0,,,pax143,32,,,,
s2_r2d_carrycontact_state_dH_bnormclamp1ent5_s6,fresh_eval_polE_sample,human,148,0,0,0,,,pax143,32,,,,
s2_r2d_carrycontact_state_dH_bnormclamp1ent5_s7,fresh_eval_holdE_mode,human,13,0,0,0,,,pax142,32,,,,
s2_r2d_carrycontact_state_dH_bnormclamp1ent5_s7,fresh_eval_holdE_sample,human,13,0,0,0,,,pax142,32,,,,
s2_r2d_carrycontact_state_dH_bnormclamp1ent5_s7,fresh_eval_polE_mode,human,148,0,0,0,,,pax142,32,,,,
s2_r2d_carrycontact_state_dH_bnormclamp1ent5_s7,fresh_eval_polE_sample,human,148,0,0,0,,,pax142,32,,,,
s2_r2d_contact_state_dDP_bnormclamp1ent5_n11_s0,fresh_eval_holdE_mode,machine,11,0,0,0,,,pax062,64,avx512,,,
s2_r2d_contact_state_dDP_bnormclamp1ent5_n11_s0,fresh_eval_holdE_sample,machine,11,0,0,0,,,pax062,64,avx512,,,
s2_r2d_contact_state_dDP_bnormclamp1ent5_n11_s0,fresh_eval_polE_mode,machine,160,0,0,0,,,pax062,64,avx512,,,
s2_r2d_contact_state_dDP_bnormclamp1ent5_n11_s0,fresh_eval_polE_sample,machine,160,0,0,0,,,pax062,64,avx512,,,
s2_r2d_contact_state_dDP_bnormclamp1ent5_n11_s1,fresh_eval_holdE_mode,machine,11,0,0,0,,,pax068,64,avx512,,,
s2_r2d_contact_state_dDP_bnormclamp1ent5_n11_s1,fresh_eval_holdE_sample,machine,11,0,0,0,,,pax068,64,avx512,,,
s2_r2d_contact_state_dDP_bnormclamp1ent5_n11_s1,fresh_eval_polE_mode,machine,160,0,0,0,,,pax068,64,avx512,,,
s2_r2d_contact_state_dDP_bnormclamp1ent5_n11_s1,fresh_eval_polE_sample,machine,160,0,0,0,,,pax068,64,avx512,,,
s2_r2d_contact_state_dDP_bnormclamp1ent5_n11_s2,fresh_eval_holdE_mode,machine,11,0,0,0,,,pax062,64,avx512,,,
s2_r2d_contact_state_dDP_bnormclamp1ent5_n11_s2,fresh_eval_holdE_sample,machine,11,0,0,0,,,pax062,64,avx512,,,
s2_r2d_contact_state_dDP_bnormclamp1ent5_n11_s2,fresh_eval_polE_mode,machine,160,0,0,0,,,pax062,64,avx512,,,
s2_r2d_contact_state_dDP_bnormclamp1ent5_n11_s2,fresh_eval_polE_sample,machine,160,0,0,0,,,pax062,64,avx512,,,
s2_r2d_contact_state_dDP_bnormclamp1ent5_n11_s3,fresh_eval_holdE_mode,machine,11,0,0,0,,,pax119,48,avx512,,,
s2_r2d_contact_state_dDP_bnormclamp1ent5_n11_s3,fresh_eval_holdE_sample,machine,11,0,0,0,,,pax119,48,avx512,,,
s2_r2d_contact_state_dDP_bnormclamp1ent5_n11_s3,fresh_eval_polE_mode,machine,160,0,0,0,,,pax119,48,avx512,,,
s2_r2d_contact_state_dDP_bnormclamp1ent5_n11_s3,fresh_eval_polE_sample,machine,160,0,0,0,,,pax119,48,avx512,,,
s2_r2d_contact_state_dDP_bnormclamp1ent5_n11_s4,fresh_eval_holdE_mode,machine,11,0,0,0,,,pax119,48,avx512,,,
s2_r2d_contact_state_dDP_bnormclamp1ent5_n11_s4,fresh_eval_holdE_sample,machine,11,0,0,0,,,pax119,48,avx512,,,
s2_r2d_contact_state_dDP_bnormclamp1ent5_n11_s4,fresh_eval_polE_mode,machine,160,0,0,0,,,pax119,48,avx512,,,
s2_r2d_contact_state_dDP_bnormclamp1ent5_n11_s4,fresh_eval_polE_sample,machine,160,0,0,0,,,pax119,48,avx512,,,
s2_r2d_contact_state_dDP_bnormclamp1ent5_n11_s5,fresh_eval_holdE_mode,machine,11,0,0,0,,,pax119,48,avx512,,,
s2_r2d_contact_state_dDP_bnormclamp1ent5_n11_s5,fresh_eval_holdE_sample,machine,11,0,0,0,,,pax119,48,avx512,,,
s2_r2d_contact_state_dDP_bnormclamp1ent5_n11_s5,fresh_eval_polE_mode,machine,160,0,0,0,,,pax119,48,avx512,,,
s2_r2d_contact_state_dDP_bnormclamp1ent5_n11_s5,fresh_eval_polE_sample,machine,160,0,0,0,,,pax119,48,avx512,,,
s2_r2d_contact_state_dDP_bnormclamp1ent5_n11_s6,fresh_eval_holdE_mode,machine,11,0,0,0,,,pax062,64,avx512,,,
s2_r2d_contact_state_dDP_bnormclamp1ent5_n11_s6,fresh_eval_holdE_sample,machine,11,0,0,0,,,pax062,64,avx512,,,
s2_r2d_contact_state_dDP_bnormclamp1ent5_n11_s6,fresh_eval_polE_mode,machine,160,0,0,0,,,pax062,64,avx512,,,
s2_r2d_contact_state_dDP_bnormclamp1ent5_n11_s6,fresh_eval_polE_sample,machine,160,0,0,0,,,pax062,64,avx512,,,
s2_r2d_contact_state_dDP_bnormclamp1ent5_n11_s7,fresh_eval_holdE_mode,machine,11,0,0,0,,,pax152,64,avx512,,,
s2_r2d_contact_state_dDP_bnormclamp1ent5_n11_s7,fresh_eval_holdE_sample,machine,11,0,0,0,,,pax152,64,avx512,,,
s2_r2d_contact_state_dDP_bnormclamp1ent5_n11_s7,fresh_eval_polE_mode,machine,160,0,0,0,,,pax152,64,avx512,,,
s2_r2d_contact_state_dDP_bnormclamp1ent5_n11_s7,fresh_eval_polE_sample,machine,160,0,0,0,,,pax152,64,avx512,,,
s2_r2d_contact_state_dH_bnormclamp1ent5_subfloor_s0,fresh_eval_holdE_mode,human,11,0,0,0,,,pax119,48,avx512,,,
s2_r2d_contact_state_dH_bnormclamp1ent5_subfloor_s0,fresh_eval_holdE_sample,human,11,0,0,0,,,pax119,48,avx512,,,
s2_r2d_contact_state_dH_bnormclamp1ent5_subfloor_s0,fresh_eval_polE_mode,human,160,40,1,0,contact|placed,placed,pax070,36,avx2,,,
s2_r2d_contact_state_dH_bnormclamp1ent5_subfloor_s0,fresh_eval_polE_sample,human,160,0,0,0,,,pax097,48,avx512,,,
s2_r2d_contact_state_dH_bnormclamp1ent5_subfloor_s1,fresh_eval_holdE_mode,human,11,0,0,0,,,pax119,48,avx512,,,
s2_r2d_contact_state_dH_bnormclamp1ent5_subfloor_s1,fresh_eval_holdE_sample,human,11,0,0,0,,,pax119,48,avx512,,,
s2_r2d_contact_state_dH_bnormclamp1ent5_subfloor_s1,fresh_eval_polE_mode,human,160,36,1,0,contact|placed,,pax070,36,avx2,,,
s2_r2d_contact_state_dH_bnormclamp1ent5_subfloor_s1,fresh_eval_polE_sample,human,160,57,1,0,,,pax070,36,avx2,,,
s2_r2d_contact_state_dH_bnormclamp1ent5_subfloor_s2,fresh_eval_holdE_mode,human,11,0,0,0,,,pax119,48,avx512,,,
s2_r2d_contact_state_dH_bnormclamp1ent5_subfloor_s2,fresh_eval_holdE_sample,human,11,0,0,0,,,pax119,48,avx512,,,
s2_r2d_contact_state_dH_bnormclamp1ent5_subfloor_s2,fresh_eval_polE_mode,human,160,0,0,0,,,pax119,48,avx512,,,
s2_r2d_contact_state_dH_bnormclamp1ent5_subfloor_s2,fresh_eval_polE_sample,human,160,0,0,0,,,pax119,48,avx512,,,
s2_r2d_contact_state_dH_bnormclamp1ent5_subfloor_s3,fresh_eval_holdE_mode,human,11,0,0,0,,,pax119,48,avx512,,,
s2_r2d_contact_state_dH_bnormclamp1ent5_subfloor_s3,fresh_eval_holdE_sample,human,11,0,0,0,,,pax119,48,avx512,,,
s2_r2d_contact_state_dH_bnormclamp1ent5_subfloor_s3,fresh_eval_polE_mode,human,160,0,0,0,,,pax119,48,avx512,,,
s2_r2d_contact_state_dH_bnormclamp1ent5_subfloor_s3,fresh_eval_polE_sample,human,160,0,0,0,,,pax119,48,avx512,,,
s2_r2d_contact_state_dH_bnormclamp1ent5_subfloor_s4,fresh_eval_holdE_mode,human,11,0,0,0,,,pax113,64,avx512,,,
s2_r2d_contact_state_dH_bnormclamp1ent5_subfloor_s4,fresh_eval_holdE_sample,human,11,0,0,0,,,pax113,64,avx512,,,
s2_r2d_contact_state_dH_bnormclamp1ent5_subfloor_s4,fresh_eval_polE_mode,human,160,31,1,0,contact,,pax070,36,avx2,,,
s2_r2d_contact_state_dH_bnormclamp1ent5_subfloor_s4,fresh_eval_polE_sample,human,160,0,0,0,,,pax119,48,avx512,,,
s2_r2d_contact_state_dH_bnormclamp1ent5_subfloor_s5,fresh_eval_holdE_mode,human,11,0,0,0,,,pax118,48,avx512,,,
s2_r2d_contact_state_dH_bnormclamp1ent5_subfloor_s5,fresh_eval_holdE_sample,human,11,0,0,0,,,pax118,48,avx512,,,
s2_r2d_contact_state_dH_bnormclamp1ent5_subfloor_s5,fresh_eval_polE_mode,human,160,44,1,0,contact,,pax070,36,avx2,,,
s2_r2d_contact_state_dH_bnormclamp1ent5_subfloor_s5,fresh_eval_polE_sample,human,160,47,1,0,contact|nested|placed,placed,pax070,36,avx2,,,
s2_r2d_contact_state_dH_bnormclamp1ent5_subfloor_s6,fresh_eval_holdE_mode,human,11,0,0,0,,,pax118,48,avx512,,,
s2_r2d_contact_state_dH_bnormclamp1ent5_subfloor_s6,fresh_eval_holdE_sample,human,11,0,0,0,,,pax118,48,avx512,,,
s2_r2d_contact_state_dH_bnormclamp1ent5_subfloor_s6,fresh_eval_polE_mode,human,160,0,0,0,,,pax118,48,avx512,,,
s2_r2d_contact_state_dH_bnormclamp1ent5_subfloor_s6,fresh_eval_polE_sample,human,160,0,0,0,,,pax118,48,avx512,,,
s2_r2d_contact_state_dH_bnormclamp1ent5_subfloor_s7,fresh_eval_holdE_mode,human,11,0,0,0,,,pax113,64,avx512,,,
s2_r2d_contact_state_dH_bnormclamp1ent5_subfloor_s7,fresh_eval_holdE_sample,human,11,0,0,0,,,pax113,64,avx512,,,
s2_r2d_contact_state_dH_bnormclamp1ent5_subfloor_s7,fresh_eval_polE_mode,human,160,16,1,0,,,pax070,36,avx2,,,
s2_r2d_contact_state_dH_bnormclamp1ent5_subfloor_s7,fresh_eval_polE_sample,human,160,28,1,0,contact,,pax070,36,avx2,,,
