# Learning curves from ONLINE TRAINING ROLLOUTS (exploring policy, resetting from the TRAINING bank).
# NOT the evaluation protocol: eval cells use mode/sampled actions on the polE / rnd30 start sets and exist only
# at the FINAL checkpoint, so a curve endpoint is NOT the table number and must not be compared with it.
# e2e 'nested_proxy' is the TRAINING PROXY (over-counts the settled predicate ~2.5x); it is never 'nested'.
family,arm,stage,bin,step,mean,se,n_seeds,per_seed
place,human,placed_v2,0,12499.9875,0.0035714285714285713,0.0035714285714285718,8,0.0000 0.0000 0.0000 0.0286 0.0000 0.0000 0.0000 0.0000
place,human,placed_v2,1,37499.962499999994,0.05287400260821652,0.017814200925341157,8,0.0952 0.0521 0.0000 0.0309 0.0114 0.1209 0.1125 0.0000
place,human,placed_v2,2,62499.93749999999,0.1899808078540534,0.022795516595708623,8,0.2317 0.2692 0.1000 0.1311 0.1286 0.2027 0.1918 0.2647
place,human,placed_v2,3,87499.91249999999,0.5376854562340311,0.05336850913112199,8,0.6721 0.6139 0.5106 0.3553 0.5000 0.6491 0.7063 0.2941
place,human,placed_v2,4,112499.8875,0.6736286550270503,0.03430869680002665,8,0.7445 0.8081 0.6200 0.5070 0.5955 0.6694 0.7481 0.6964
place,human,placed_v2,5,137499.8625,0.8127426185362734,0.018838341270914306,8,0.8378 0.7174 0.8525 0.7568 0.8507 0.8138 0.8743 0.7986
place,human,placed_v2,6,162499.83749999997,0.8369298490023971,0.02374749468256166,8,0.8137 0.8627 0.7000 0.8015 0.8764 0.8503 0.9254 0.8654
place,human,placed_v2,7,187499.8125,0.912891004782597,0.012218944028250505,8,0.8715 0.8739 0.9422 0.8788 0.9118 0.9234 0.9431 0.9585
place,human,placed_v2,8,212499.78749999998,0.9087593010987578,0.015981386759551148,8,0.8655 0.9531 0.8806 0.8324 0.9444 0.9050 0.9435 0.9455
place,human,placed_v2,9,237499.7625,0.9490145212273094,0.008079753972049871,8,0.9405 0.9481 0.9402 0.9030 0.9536 0.9649 0.9797 0.9620
place,human,placed_v2,10,262499.7375,0.9554238927967806,0.002819746379809154,8,0.9619 0.9646 0.9451 0.9476 0.9456 0.9587 0.9597 0.9604
place,human,placed_v2,11,287499.71249999997,0.9516072908866354,0.01006652335403376,8,0.9594 0.9595 0.9384 0.9649 0.9722 0.8870 0.9757 0.9558
place,human,placed_v2,12,312499.6875,0.9640447783375762,0.0055767874532780416,8,0.9466 0.9652 0.9708 0.9681 0.9630 0.9362 0.9826 0.9798
place,human,placed_v2,13,337499.6625,0.9693529123976461,0.005000009659814525,8,0.9777 0.9855 0.9799 0.9611 0.9787 0.9505 0.9485 0.9728
place,human,placed_v2,14,362499.63749999995,0.9707307582384999,0.0026785256069250763,8,0.9675 0.9703 0.9582 0.9663 0.9823 0.9746 0.9784 0.9682
place,human,placed_v2,15,387499.6125,0.9748969160627854,0.00446180048113712,8,0.9762 0.9862 0.9766 0.9494 0.9650 0.9837 0.9748 0.9873
place,human,placed_v2,16,412499.58749999997,0.9802377744818032,0.003197506905484098,8,0.9797 0.9862 0.9904 0.9731 0.9793 0.9789 0.9637 0.9906
place,human,placed_v2,17,437499.5625,0.9801968551974041,0.003886490657510152,8,0.9786 0.9786 0.9605 0.9895 0.9929 0.9907 0.9705 0.9803
place,human,placed_v2,18,462499.5375,0.9829260880564961,0.0019933047259330103,8,0.9741 0.9880 0.9745 0.9857 0.9823 0.9878 0.9865 0.9845
place,human,placed_v2,19,487499.51249999995,0.982057604572932,0.0026291825689136595,8,0.9821 0.9870 0.9703 0.9740 0.9798 0.9908 0.9908 0.9817
place,human,placed_v2,20,512499.4875,0.9831908488271729,0.0017523747583745644,8,0.9740 0.9826 0.9803 0.9862 0.9861 0.9900 0.9858 0.9805
place,human,placed_v2,21,537499.4624999999,0.9844831063900809,0.0027050281524481088,8,0.9834 0.9888 0.9722 0.9844 0.9925 0.9903 0.9741 0.9901
place,human,placed_v2,22,562499.4375,0.9811194470830623,0.0023297059418732422,8,0.9866 0.9744 0.9831 0.9818 0.9864 0.9708 0.9894 0.9765
place,human,placed_v2,23,587499.4124999999,0.9820021604419094,0.003758299279796342,8,0.9876 0.9861 0.9560 0.9865 0.9829 0.9843 0.9878 0.9848
place,human,placed_v2,24,612499.3875,0.982662456019241,0.005536356009083403,8,0.9893 0.9859 0.9953 0.9927 0.9818 0.9480 0.9940 0.9742
place,human,placed_v2,25,637499.3625,0.9911415822869623,0.0019977293089805145,8,0.9907 0.9807 0.9907 0.9944 0.9943 0.9958 0.9973 0.9853
place,human,placed_v2,26,662499.3374999999,0.9847466944839637,0.004493663311803369,8,0.9837 0.9878 0.9956 0.9931 0.9825 0.9897 0.9552 0.9903
place,human,placed_v2,27,687499.3125,0.9875094738022643,0.001434084311898787,8,0.9842 0.9934 0.9878 0.9860 0.9860 0.9940 0.9831 0.9856
place,human,placed_v2,28,712499.2874999999,0.9866916100118794,0.002309214041487325,8,0.9852 0.9925 0.9896 0.9905 0.9864 0.9736 0.9935 0.9822
place,human,placed_v2,29,737499.2625,0.9871088802052932,0.0016408602556748384,8,0.9871 0.9913 0.9895 0.9851 0.9790 0.9851 0.9943 0.9855
place,human,placed_v2,30,762499.2375,0.9892705925650418,0.0025147468023340096,8,0.9747 0.9924 0.9929 0.9918 0.9903 0.9843 0.9986 0.9891
place,human,placed_v2,31,787499.2124999999,0.9903253204226317,0.00248411487588838,8,0.9928 0.9962 0.9802 0.9961 0.9962 0.9867 0.9944 0.9801
place,human,placed_v2,32,812499.1875,0.9912399731918513,0.0014590081793982297,8,0.9860 0.9935 0.9927 0.9906 0.9907 0.9959 0.9958 0.9848
place,human,placed_v2,33,837499.1624999999,0.9902031172299799,0.001973924610790047,8,0.9930 0.9887 0.9848 0.9975 0.9918 0.9945 0.9913 0.9800
place,human,placed_v2,34,862499.1375,0.9887433883402272,0.0018962275440617218,8,0.9889 0.9856 0.9808 0.9937 0.9934 0.9959 0.9885 0.9832
place,human,placed_v2,35,887499.1125,0.9907743904319856,0.0020396736789909907,8,0.9986 0.9844 0.9860 0.9939 0.9861 0.9871 0.9987 0.9914
place,human,placed_v2,36,912499.0874999999,0.986654651461432,0.002448073692989077,8,0.9897 0.9877 0.9704 0.9910 0.9921 0.9846 0.9888 0.9890
place,human,placed_v2,37,937499.0625,0.991129916946013,0.0018296130004837095,8,0.9959 0.9927 0.9913 0.9925 0.9820 0.9882 0.9987 0.9878
place,human,placed_v2,38,962499.0374999999,0.9891494256160434,0.0023070927801932236,8,0.9942 0.9988 0.9916 0.9784 0.9929 0.9835 0.9861 0.9876
place,human,placed_v2,39,987499.0125,0.9908414585567777,0.001244665761392176,8,0.9863 0.9964 0.9946 0.9895 0.9889 0.9916 0.9872 0.9921
place,human,contact,0,12499.9875,0.0,0.0,8,0.0000 0.0000 0.0000 0.0000 0.0000 0.0000 0.0000 0.0000
place,human,contact,1,37499.962499999994,0.024963164898826665,0.008959095197748923,8,0.0714 0.0104 0.0000 0.0000 0.0114 0.0330 0.0500 0.0235
place,human,contact,2,62499.93749999999,0.10813824903281788,0.015025811280412063,8,0.0732 0.1282 0.1000 0.1475 0.1143 0.1081 0.1644 0.0294
place,human,contact,3,87499.91249999999,0.20947044933774192,0.049161089045974396,8,0.0738 0.2475 0.4149 0.1711 0.3646 0.0526 0.2778 0.0735
place,human,contact,4,112499.8875,0.1478747843699796,0.03417946051405156,8,0.0949 0.0657 0.2100 0.3380 0.0899 0.0726 0.2137 0.0982
place,human,contact,5,137499.8625,0.1614362808258295,0.04179707472635022,8,0.1216 0.0435 0.1885 0.3784 0.0896 0.0414 0.2827 0.1458
place,human,contact,6,162499.83749999997,0.11255766675654852,0.024999924943315745,8,0.0870 0.1029 0.0692 0.2061 0.0506 0.0340 0.2289 0.1218
place,human,contact,7,187499.8125,0.0829468136004765,0.046917830465513746,8,0.0056 0.0090 0.0444 0.2273 0.0042 0.0000 0.3523 0.0207
place,human,contact,8,212499.78749999998,0.05829933736371161,0.02455618542068029,8,0.0058 0.0293 0.0448 0.1189 0.0104 0.0317 0.2060 0.0195
place,human,contact,9,237499.7625,0.04657025665785977,0.014437176793681228,8,0.0297 0.0375 0.0398 0.0336 0.0155 0.0000 0.1215 0.0949
place,human,contact,10,262499.7375,0.02619510354114225,0.012357550857743918,8,0.0095 0.0228 0.0037 0.0150 0.0029 0.0000 0.1009 0.0549
place,human,contact,11,287499.71249999997,0.015531357979579673,0.0037300020480590425,8,0.0087 0.0143 0.0109 0.0189 0.0025 0.0087 0.0354 0.0249
place,human,contact,12,312499.6875,0.010508938989732826,0.0032206204630764986,8,0.0148 0.0023 0.0117 0.0025 0.0099 0.0000 0.0152 0.0277
place,human,contact,13,337499.6625,0.012746313942845453,0.0016868612009248035,8,0.0149 0.0163 0.0115 0.0155 0.0106 0.0027 0.0180 0.0123
place,human,contact,14,362499.63749999995,0.010088706341582258,0.0027914607392098344,8,0.0175 0.0099 0.0028 0.0072 0.0071 0.0000 0.0118 0.0244
place,human,contact,15,387499.6125,0.007184889292459036,0.002141888167684821,8,0.0048 0.0086 0.0000 0.0025 0.0175 0.0020 0.0136 0.0085
place,human,contact,16,412499.58749999997,0.008163634738462985,0.004259650402417513,8,0.0023 0.0017 0.0000 0.0021 0.0056 0.0042 0.0363 0.0131
place,human,contact,17,437499.5625,0.0057380008123095174,0.001332387412084268,8,0.0064 0.0082 0.0049 0.0017 0.0018 0.0019 0.0111 0.0099
place,human,contact,18,462499.5375,0.007091060761987551,0.0015083048667484844,8,0.0065 0.0075 0.0070 0.0032 0.0018 0.0052 0.0102 0.0155
place,human,contact,19,487499.51249999995,0.003973421885226212,0.0011639181026815752,8,0.0040 0.0058 0.0046 0.0000 0.0034 0.0015 0.0107 0.0018
place,human,contact,20,512499.4875,0.002346653361022444,0.0005638596493910955,8,0.0022 0.0015 0.0039 0.0015 0.0015 0.0050 0.0031 0.0000
place,human,contact,21,537499.4624999999,0.0030883410129228833,0.0014099898274372079,8,0.0000 0.0014 0.0085 0.0000 0.0015 0.0000 0.0100 0.0033
place,human,contact,22,562499.4375,0.005694467649966057,0.001955211309612272,8,0.0034 0.0032 0.0150 0.0015 0.0030 0.0017 0.0141 0.0036
place,human,contact,23,587499.4124999999,0.002138914219483042,0.001297551903914668,8,0.0035 0.0014 0.0000 0.0015 0.0000 0.0000 0.0107 0.0000
place,human,contact,24,612499.3875,0.0018010834207861305,0.0007415003605119563,8,0.0000 0.0014 0.0016 0.0000 0.0000 0.0018 0.0060 0.0037
place,human,contact,25,637499.3625,0.0012927540874579173,0.0006834268196093188,8,0.0019 0.0045 0.0000 0.0000 0.0000 0.0000 0.0040 0.0000
place,human,contact,26,662499.3374999999,0.0077784585344049485,0.00638867070578008,8,0.0054 0.0000 0.0029 0.0000 0.0000 0.0000 0.0522 0.0016
place,human,contact,27,687499.3125,0.002990144029444246,0.0008501525546286044,8,0.0018 0.0013 0.0015 0.0028 0.0042 0.0000 0.0075 0.0048
place,human,contact,28,712499.2874999999,0.004906327662633595,0.002807724559423194,8,0.0033 0.0012 0.0044 0.0027 0.0000 0.0017 0.0243 0.0016
place,human,contact,29,737499.2625,0.0015917202676045906,0.000871825227755637,8,0.0000 0.0012 0.0000 0.0027 0.0000 0.0000 0.0072 0.0016
place,human,contact,30,762499.2375,0.0019758682837333996,0.0007693965281537428,8,0.0017 0.0000 0.0000 0.0014 0.0028 0.0016 0.0069 0.0016
place,human,contact,31,787499.2124999999,0.0012458063873300048,0.0008611618034225421,8,0.0000 0.0000 0.0000 0.0000 0.0013 0.0000 0.0070 0.0017
place,human,contact,32,812499.1875,0.0017714313205749374,0.00043892882401878647,8,0.0031 0.0000 0.0015 0.0027 0.0026 0.0027 0.0000 0.0015
place,human,contact,33,837499.1624999999,0.000885346649093667,0.0004552064031222988,8,0.0000 0.0025 0.0030 0.0000 0.0000 0.0000 0.0000 0.0015
place,human,contact,34,862499.1375,0.0020471208107575773,0.0006692067474266983,8,0.0014 0.0052 0.0016 0.0025 0.0013 0.0000 0.0043 0.0000
place,human,contact,35,887499.1125,0.0006908155660090469,0.00026322919721774124,8,0.0000 0.0000 0.0016 0.0012 0.0000 0.0014 0.0013 0.0000
place,human,contact,36,912499.0874999999,0.0019928544189399466,0.0005940250598683206,8,0.0000 0.0014 0.0052 0.0039 0.0013 0.0014 0.0014 0.0014
place,human,contact,37,937499.0625,0.0008212444198520872,0.00041881878444141867,8,0.0000 0.0024 0.0015 0.0000 0.0000 0.0000 0.0027 0.0000
place,human,contact,38,962499.0374999999,0.0009896516185788156,0.0004049347160260121,8,0.0014 0.0023 0.0000 0.0000 0.0000 0.0000 0.0014 0.0027
place,human,contact,39,987499.0125,0.0005009022915165591,0.00024675594626905707,8,0.0015 0.0000 0.0000 0.0012 0.0000 0.0000 0.0000 0.0013
place,machine,placed_v2,0,12499.9875,0.0,0.0,8,0.0000 0.0000 0.0000 0.0000 0.0000 0.0000 0.0000 0.0000
place,machine,placed_v2,1,37499.962499999994,0.02941502462864911,0.011248061854559623,8,0.0000 0.0108 0.0323 0.0169 0.0988 0.0137 0.0135 0.0494
place,machine,placed_v2,2,62499.93749999999,0.1461723528398777,0.025034649637740294,8,0.1795 0.0882 0.1111 0.0794 0.2174 0.0563 0.1935 0.2439
place,machine,placed_v2,3,87499.91249999999,0.3815371644590605,0.04651089795321334,8,0.5100 0.3043 0.1818 0.4333 0.3043 0.2838 0.5604 0.4742
place,machine,placed_v2,4,112499.8875,0.5854800044570079,0.06043579719984582,8,0.8191 0.5979 0.3919 0.6714 0.2958 0.5444 0.7019 0.6613
place,machine,placed_v2,5,137499.8625,0.7119822329180319,0.06652331306636075,8,0.8682 0.7692 0.6292 0.8511 0.2899 0.6897 0.8000 0.7987
place,machine,placed_v2,6,162499.83749999997,0.7735664301493319,0.05248255937771254,8,0.8450 0.8304 0.7064 0.9076 0.4382 0.7719 0.8658 0.8232
place,machine,placed_v2,7,187499.8125,0.8229332734308694,0.029957888322113043,8,0.8824 0.9397 0.7117 0.9263 0.7500 0.7807 0.8239 0.7688
place,machine,placed_v2,8,212499.78749999998,0.8622458706386015,0.030827534403469522,8,0.9311 0.8492 0.7541 0.9632 0.8587 0.7168 0.9021 0.9228
place,machine,placed_v2,9,237499.7625,0.9259370839905297,0.01290318275818274,8,0.9568 0.9527 0.8864 0.9650 0.8592 0.9224 0.9355 0.9296
place,machine,placed_v2,10,262499.7375,0.9135115907456445,0.01311825647109572,8,0.9075 0.9359 0.8424 0.9528 0.9223 0.8811 0.9157 0.9505
place,machine,placed_v2,11,287499.71249999997,0.9365428895172123,0.010526666999969961,8,0.9658 0.9357 0.8768 0.9612 0.9218 0.9221 0.9470 0.9619
place,machine,placed_v2,12,312499.6875,0.9513252807756137,0.007192048940514866,8,0.9644 0.9704 0.9360 0.9709 0.9576 0.9100 0.9500 0.9513
place,machine,placed_v2,13,337499.6625,0.9550534843043752,0.0070470155576327085,8,0.9693 0.9713 0.9459 0.9750 0.9566 0.9146 0.9636 0.9440
place,machine,placed_v2,14,362499.63749999995,0.9552398774156736,0.004934721305634026,8,0.9604 0.9426 0.9619 0.9563 0.9346 0.9446 0.9634 0.9781
place,machine,placed_v2,15,387499.6125,0.9580412189628218,0.0066367422103516685,8,0.9822 0.9547 0.9385 0.9708 0.9309 0.9450 0.9648 0.9774
place,machine,placed_v2,16,412499.58749999997,0.9709143344898762,0.003674645845349376,8,0.9760 0.9559 0.9851 0.9665 0.9710 0.9585 0.9822 0.9721
place,machine,placed_v2,17,437499.5625,0.9736474994700217,0.004503057543452858,8,0.9790 0.9541 0.9698 0.9913 0.9593 0.9710 0.9865 0.9781
place,machine,placed_v2,18,462499.5375,0.9683491737476976,0.002684041681029023,8,0.9780 0.9759 0.9658 0.9761 0.9627 0.9570 0.9633 0.9680
place,machine,placed_v2,19,487499.51249999995,0.9675232594995724,0.0026684468857643825,8,0.9775 0.9634 0.9655 0.9730 0.9703 0.9554 0.9743 0.9607
place,machine,placed_v2,20,512499.4875,0.9707248237637915,0.0045885674084325204,8,0.9795 0.9819 0.9707 0.9880 0.9653 0.9463 0.9635 0.9707
place,machine,placed_v2,21,537499.4624999999,0.9720826338902206,0.007550754002506892,8,0.9739 0.9744 0.9793 0.9839 0.9816 0.9200 0.9812 0.9824
place,machine,placed_v2,22,562499.4375,0.974213129836493,0.0038293735610214217,8,0.9648 0.9691 0.9851 0.9874 0.9567 0.9736 0.9723 0.9845
place,machine,placed_v2,23,587499.4124999999,0.9757751037878302,0.003535563132231424,8,0.9690 0.9807 0.9906 0.9798 0.9714 0.9583 0.9727 0.9837
place,machine,placed_v2,24,612499.3875,0.9811212051164491,0.0025584778676545662,8,0.9850 0.9692 0.9866 0.9842 0.9833 0.9702 0.9879 0.9826
place,machine,placed_v2,25,637499.3625,0.974670403633988,0.0014387720366649372,8,0.9742 0.9721 0.9701 0.9752 0.9774 0.9698 0.9768 0.9818
place,machine,placed_v2,26,662499.3374999999,0.9790918038711555,0.0031795914789420356,8,0.9656 0.9837 0.9794 0.9838 0.9862 0.9676 0.9911 0.9755
place,machine,placed_v2,27,687499.3125,0.9756107235106539,0.0029879497289970547,8,0.9796 0.9690 0.9850 0.9797 0.9808 0.9711 0.9804 0.9593
place,machine,placed_v2,28,712499.2874999999,0.978519541646777,0.002609680472340353,8,0.9844 0.9647 0.9735 0.9876 0.9802 0.9753 0.9782 0.9843
place,machine,placed_v2,29,737499.2625,0.9782149812357078,0.0025954838347028884,8,0.9871 0.9837 0.9738 0.9645 0.9850 0.9746 0.9793 0.9778
place,machine,placed_v2,30,762499.2375,0.9824666264921069,0.0023054588268939507,8,0.9828 0.9756 0.9781 0.9814 0.9874 0.9782 0.9960 0.9802
place,machine,placed_v2,31,787499.2124999999,0.9825568191363125,0.002733529867718995,8,0.9812 0.9739 0.9908 0.9735 0.9911 0.9818 0.9765 0.9917
place,machine,placed_v2,32,812499.1875,0.9840612103588136,0.0021066128210126727,8,0.9816 0.9790 0.9780 0.9899 0.9790 0.9818 0.9902 0.9929
place,machine,placed_v2,33,837499.1624999999,0.9803191388482524,0.0021060509930228353,8,0.9729 0.9802 0.9866 0.9760 0.9797 0.9858 0.9880 0.9735
place,machine,placed_v2,34,862499.1375,0.981064408396887,0.0022285921267145,8,0.9846 0.9689 0.9834 0.9849 0.9733 0.9843 0.9839 0.9853
place,machine,placed_v2,35,887499.1125,0.9765991385871439,0.005232025555563055,8,0.9932 0.9806 0.9779 0.9862 0.9488 0.9717 0.9639 0.9904
place,machine,placed_v2,36,912499.0874999999,0.9786848815919396,0.005155794107269867,8,0.9843 0.9881 0.9860 0.9878 0.9787 0.9451 0.9727 0.9868
place,machine,placed_v2,37,937499.0625,0.9758269935565819,0.005170101649053665,8,0.9875 0.9476 0.9663 0.9782 0.9838 0.9665 0.9864 0.9902
place,machine,placed_v2,38,962499.0374999999,0.9830870571472365,0.0021852810621285847,8,0.9700 0.9847 0.9847 0.9849 0.9821 0.9799 0.9884 0.9900
place,machine,placed_v2,39,987499.0125,0.9865383805628883,0.0016875522472216407,8,0.9871 0.9946 0.9847 0.9891 0.9845 0.9779 0.9856 0.9889
place,machine,contact,0,12499.9875,0.0,0.0,8,0.0000 0.0000 0.0000 0.0000 0.0000 0.0000 0.0000 0.0000
place,machine,contact,1,37499.962499999994,0.029250041232248978,0.011122583250234352,8,0.0882 0.0108 0.0108 0.0169 0.0000 0.0274 0.0676 0.0123
place,machine,contact,2,62499.93749999999,0.04898401375501691,0.013051979421192343,8,0.0513 0.0588 0.0476 0.0000 0.0725 0.0000 0.1129 0.0488
place,machine,contact,3,87499.91249999999,0.08346965694735754,0.023368852800955305,8,0.0700 0.2174 0.0758 0.0111 0.0870 0.0541 0.1319 0.0206
place,machine,contact,4,112499.8875,0.15464248026222527,0.0439928090956501,8,0.0160 0.4227 0.1216 0.0500 0.1408 0.1889 0.1923 0.1048
place,machine,contact,5,137499.8625,0.07266592445342912,0.021272188079070085,8,0.0091 0.0490 0.1573 0.0638 0.0000 0.1552 0.1000 0.0470
place,machine,contact,6,162499.83749999997,0.06102982675843299,0.018126169116318785,8,0.0000 0.1345 0.0550 0.0120 0.0787 0.0351 0.1342 0.0387
place,machine,contact,7,187499.8125,0.05399011517489586,0.015767123045781914,8,0.0546 0.1357 0.0270 0.0035 0.0583 0.0526 0.0943 0.0058
place,machine,contact,8,212499.78749999998,0.05906352632065898,0.024293033471734844,8,0.0060 0.1006 0.0164 0.0031 0.2011 0.0885 0.0464 0.0105
place,machine,contact,9,237499.7625,0.023548895864956898,0.007976341339462898,8,0.0029 0.0642 0.0114 0.0054 0.0340 0.0474 0.0161 0.0070
place,machine,contact,10,262499.7375,0.043993076343344574,0.017334485226427606,8,0.0034 0.0385 0.0109 0.0000 0.0919 0.1322 0.0690 0.0062
place,machine,contact,11,287499.71249999997,0.021264069593289466,0.008824620457581561,8,0.0049 0.0804 0.0197 0.0049 0.0170 0.0082 0.0249 0.0102
place,machine,contact,12,312499.6875,0.014931613281236716,0.004442884708455939,8,0.0119 0.0296 0.0067 0.0045 0.0000 0.0173 0.0367 0.0128
place,machine,contact,13,337499.6625,0.013150046028698171,0.005372859334859589,8,0.0118 0.0313 0.0096 0.0000 0.0000 0.0061 0.0416 0.0049
place,machine,contact,14,362499.63749999995,0.01468266164043409,0.00535340874314707,8,0.0088 0.0383 0.0127 0.0023 0.0052 0.0050 0.0392 0.0060
place,machine,contact,15,387499.6125,0.012275779952833365,0.0038376102114446894,8,0.0099 0.0293 0.0092 0.0000 0.0077 0.0026 0.0282 0.0113
place,machine,contact,16,412499.58749999997,0.010018414467244472,0.0032720843818267687,8,0.0000 0.0209 0.0124 0.0021 0.0000 0.0175 0.0217 0.0056
place,machine,contact,17,437499.5625,0.011706661291393618,0.004661647493587862,8,0.0019 0.0411 0.0130 0.0000 0.0020 0.0145 0.0077 0.0135
place,machine,contact,18,462499.5375,0.005243593162329904,0.001920290230985907,8,0.0017 0.0000 0.0023 0.0000 0.0044 0.0090 0.0151 0.0094
place,machine,contact,19,487499.51249999995,0.007893610399617014,0.002700751595949787,8,0.0000 0.0122 0.0046 0.0000 0.0021 0.0094 0.0217 0.0131
place,machine,contact,20,512499.4875,0.005312464981447598,0.0022630899216929535,8,0.0000 0.0090 0.0021 0.0000 0.0058 0.0047 0.0192 0.0017
place,machine,contact,21,537499.4624999999,0.008139029921137575,0.0035896266148466643,8,0.0000 0.0197 0.0000 0.0000 0.0050 0.0050 0.0274 0.0080
place,machine,contact,22,562499.4375,0.012123636249082612,0.008963086688341837,8,0.0020 0.0103 0.0033 0.0000 0.0017 0.0038 0.0744 0.0015
place,machine,contact,23,587499.4124999999,0.005087639552760966,0.0023536058407012048,8,0.0017 0.0193 0.0016 0.0000 0.0017 0.0022 0.0109 0.0033
place,machine,contact,24,612499.3875,0.006593079053373498,0.002922567718316918,8,0.0015 0.0250 0.0000 0.0016 0.0030 0.0040 0.0060 0.0116
place,machine,contact,25,637499.3625,0.003437271838228253,0.00102103180838046,8,0.0016 0.0060 0.0019 0.0000 0.0048 0.0000 0.0071 0.0061
place,machine,contact,26,662499.3374999999,0.003986777873352069,0.0016379541712564694,8,0.0000 0.0072 0.0017 0.0000 0.0015 0.0019 0.0134 0.0061
place,machine,contact,27,687499.3125,0.0040619107115662445,0.0016121203978189363,8,0.0031 0.0111 0.0000 0.0000 0.0000 0.0068 0.0098 0.0017
place,machine,contact,28,712499.2874999999,0.004871618165292814,0.0022723383550216428,8,0.0000 0.0132 0.0000 0.0000 0.0015 0.0000 0.0101 0.0142
place,machine,contact,29,737499.2625,0.004920676542428676,0.0015727726527374514,8,0.0000 0.0091 0.0019 0.0000 0.0030 0.0048 0.0111 0.0095
place,machine,contact,30,762499.2375,0.0069687192754286295,0.003673920747760631,8,0.0029 0.0314 0.0018 0.0015 0.0000 0.0109 0.0027 0.0046
place,machine,contact,31,787499.2124999999,0.005518436990341315,0.0019126363233931821,8,0.0031 0.0122 0.0000 0.0035 0.0000 0.0149 0.0063 0.0042
place,machine,contact,32,812499.1875,0.0033685568428479316,0.0009875469454945877,8,0.0000 0.0081 0.0017 0.0043 0.0030 0.0000 0.0042 0.0057
place,machine,contact,33,837499.1624999999,0.003661115453850458,0.0012422759975914178,8,0.0036 0.0050 0.0000 0.0000 0.0000 0.0079 0.0040 0.0088
place,machine,contact,34,862499.1375,0.00240621575727795,0.00074616771877828,8,0.0014 0.0058 0.0000 0.0000 0.0047 0.0031 0.0027 0.0015
place,machine,contact,35,887499.1125,0.004527050074699192,0.0017720452757716437,8,0.0000 0.0075 0.0000 0.0000 0.0000 0.0106 0.0072 0.0109
place,machine,contact,36,912499.0874999999,0.003816028107432182,0.0009986731621167502,8,0.0043 0.0045 0.0016 0.0000 0.0014 0.0088 0.0061 0.0039
place,machine,contact,37,937499.0625,0.0019943833390075327,0.001341178379118403,8,0.0000 0.0017 0.0017 0.0000 0.0014 0.0112 0.0000 0.0000
place,machine,contact,38,962499.0374999999,0.004384542145352086,0.0020921663891795643,8,0.0016 0.0046 0.0015 0.0000 0.0014 0.0184 0.0026 0.0050
place,machine,contact,39,987499.0125,0.00549963388656657,0.0027200543878620996,8,0.0000 0.0041 0.0015 0.0000 0.0000 0.0221 0.0052 0.0111
slide,human,contact,0,12499.975,0.2935807464547246,0.02948071070941779,8,0.4066 0.2973 0.2000 0.1695 0.2576 0.3855 0.3380 0.2941
slide,human,contact,1,37499.925,0.63041558033505,0.019378536679156726,8,0.6613 0.5727 0.6036 0.6774 0.7143 0.6075 0.6522 0.5543
slide,human,contact,2,62499.875,0.7406329201755896,0.017137476855541414,8,0.6462 0.7457 0.7114 0.7835 0.7940 0.7179 0.7778 0.7486
slide,human,contact,3,87499.82500000001,0.796941962629948,0.01682577644842998,8,0.8683 0.7500 0.7576 0.8519 0.8050 0.7514 0.7654 0.8261
slide,human,contact,4,112499.775,0.8760342896378286,0.01435943557860283,8,0.9350 0.8353 0.8326 0.8960 0.8711 0.8679 0.8412 0.9292
slide,human,contact,5,137499.725,0.8961672209066496,0.010832123569004287,8,0.9584 0.8706 0.8836 0.9142 0.9044 0.8755 0.8636 0.8990
slide,human,contact,6,162499.675,0.9131027545553028,0.0184178584226873,8,0.9753 0.9039 0.9426 0.9454 0.9399 0.8214 0.8510 0.9253
slide,human,contact,7,187499.625,0.9365940145983123,0.00912770913152472,8,0.9733 0.9396 0.9338 0.9530 0.9543 0.9060 0.8944 0.9383
slide,human,contact,8,212499.575,0.9537641597640816,0.007242679517369528,8,0.9889 0.9377 0.9487 0.9657 0.9538 0.9217 0.9461 0.9675
slide,human,contact,9,237499.52500000002,0.9691678460002013,0.006083398705299951,8,0.9856 0.9605 0.9687 0.9808 0.9714 0.9313 0.9749 0.9800
slide,human,contact,10,262499.475,0.9729693964135216,0.0037451659332327666,8,0.9857 0.9741 0.9674 0.9855 0.9736 0.9539 0.9659 0.9776
slide,human,contact,11,287499.42500000005,0.9825756404787312,0.00294705040869606,8,0.9891 0.9733 0.9721 0.9916 0.9855 0.9729 0.9897 0.9864
slide,human,contact,12,312499.375,0.9820748866130148,0.0031383949702600638,8,0.9908 0.9766 0.9742 0.9947 0.9749 0.9710 0.9870 0.9872
slide,human,contact,13,337499.325,0.9868549432712332,0.002987955341053474,8,0.9957 0.9928 0.9722 0.9946 0.9833 0.9778 0.9874 0.9909
slide,human,contact,14,362499.275,0.9844228406618424,0.002436524359332832,8,0.9863 0.9909 0.9812 0.9824 0.9884 0.9694 0.9883 0.9883
slide,human,contact,15,387499.225,0.9869914504937275,0.0022444930528115106,8,0.9835 0.9835 0.9858 0.9955 0.9964 0.9773 0.9871 0.9868
slide,human,contact,16,412499.17500000005,0.9918924601472217,0.0011657276086033906,8,0.9918 0.9905 0.9913 0.9970 0.9916 0.9862 0.9910 0.9957
slide,human,contact,17,437499.125,0.9932867275596897,0.0013795303703204016,8,0.9956 0.9941 0.9948 0.9947 0.9963 0.9839 0.9935 0.9934
slide,human,contact,18,462499.075,0.9923549581929657,0.0013339372637696289,8,0.9947 0.9882 0.9933 0.9948 0.9948 0.9855 0.9963 0.9912
slide,human,contact,19,487499.025,0.9901915480269148,0.0019527453309010326,8,0.9912 0.9849 0.9932 0.9908 0.9948 0.9789 0.9940 0.9938
slide,human,contact,20,512498.97500000003,0.9935485611651087,0.0013304605183585014,8,0.9965 0.9910 0.9963 0.9956 0.9958 0.9906 0.9864 0.9962
slide,human,contact,21,537498.925,0.9939918267017649,0.0009205209068618878,8,0.9910 0.9953 0.9916 0.9965 0.9972 0.9904 0.9945 0.9954
slide,human,contact,22,562498.875,0.994552159089611,0.0006354732666589556,8,0.9945 0.9949 0.9967 0.9924 0.9916 0.9942 0.9956 0.9964
slide,human,contact,23,587498.825,0.9950021892877772,0.0007569830000159181,8,0.9960 0.9958 0.9930 0.9945 0.9984 0.9927 0.9969 0.9927
slide,human,contact,24,612498.775,0.9946649049838656,0.0010727642075565465,8,0.9960 0.9975 0.9933 0.9949 0.9973 0.9880 0.9955 0.9948
slide,human,contact,25,637498.7250000001,0.9955972037583878,0.0008150977290044491,8,0.9965 0.9936 0.9927 0.9983 0.9959 0.9931 0.9988 0.9957
slide,human,contact,26,662498.675,0.9956096062260545,0.0007961200418730252,8,0.9951 0.9929 0.9977 0.9985 0.9972 0.9920 0.9958 0.9957
slide,human,contact,27,687498.625,0.9949449415151136,0.0015153642631655598,8,0.9881 0.9982 0.9961 0.9989 0.9973 0.9883 0.9955 0.9972
slide,human,contact,28,712498.575,0.9948514038411118,0.00027825235595709403,8,0.9943 0.9952 0.9949 0.9943 0.9951 0.9935 0.9958 0.9958
slide,human,contact,29,737498.525,0.9957659186580957,0.0007355433560078872,8,0.9933 0.9976 0.9976 0.9961 0.9948 0.9926 0.9983 0.9958
slide,human,contact,30,762498.4750000001,0.9959216637149746,0.0012296360366330506,8,0.9952 0.9975 0.9954 0.9995 0.9966 0.9882 0.9989 0.9960
slide,human,contact,31,787498.425,0.9965619162559588,0.0007107063709748978,8,0.9994 0.9981 0.9959 0.9985 0.9966 0.9933 0.9949 0.9957
slide,human,contact,32,812498.375,0.995849304208459,0.001216496641684155,8,0.9959 0.9970 0.9964 1.0000 0.9979 0.9975 0.9936 0.9886
slide,human,contact,33,837498.325,0.9964084509747575,0.0006881555033929777,8,0.9929 0.9950 0.9970 0.9990 0.9979 0.9951 0.9973 0.9971
slide,human,contact,34,862498.275,0.9948149628487042,0.0006768540046861727,8,0.9935 0.9944 0.9948 0.9985 0.9962 0.9923 0.9952 0.9937
slide,human,contact,35,887498.2250000001,0.9954769660180742,0.0010077833172515052,8,0.9899 0.9983 0.9951 0.9960 0.9985 0.9943 0.9940 0.9978
slide,human,contact,36,912498.175,0.9951446186358724,0.0010188911201422324,8,0.9919 0.9984 0.9989 0.9930 0.9968 0.9915 0.9943 0.9963
slide,human,contact,37,937498.125,0.9944023922747691,0.0011836475546185025,8,0.9943 0.9943 0.9943 0.9972 0.9972 0.9875 0.9925 0.9978
slide,human,contact,38,962498.075,0.9963567885980127,0.0007842456392278395,8,0.9936 0.9977 0.9944 0.9979 0.9995 0.9938 0.9978 0.9961
slide,human,contact,39,987498.025,0.997189759462597,0.0007528330648754638,8,0.9946 0.9984 0.9989 0.9984 0.9990 0.9948 0.9989 0.9944
slide,human,task_success,0,12499.975,0.2935807464547246,0.02948071070941779,8,0.4066 0.2973 0.2000 0.1695 0.2576 0.3855 0.3380 0.2941
slide,human,task_success,1,37499.925,0.63041558033505,0.019378536679156726,8,0.6613 0.5727 0.6036 0.6774 0.7143 0.6075 0.6522 0.5543
slide,human,task_success,2,62499.875,0.7406329201755896,0.017137476855541414,8,0.6462 0.7457 0.7114 0.7835 0.7940 0.7179 0.7778 0.7486
slide,human,task_success,3,87499.82500000001,0.796941962629948,0.01682577644842998,8,0.8683 0.7500 0.7576 0.8519 0.8050 0.7514 0.7654 0.8261
slide,human,task_success,4,112499.775,0.8760342896378286,0.01435943557860283,8,0.9350 0.8353 0.8326 0.8960 0.8711 0.8679 0.8412 0.9292
slide,human,task_success,5,137499.725,0.8961672209066496,0.010832123569004287,8,0.9584 0.8706 0.8836 0.9142 0.9044 0.8755 0.8636 0.8990
slide,human,task_success,6,162499.675,0.9131027545553028,0.0184178584226873,8,0.9753 0.9039 0.9426 0.9454 0.9399 0.8214 0.8510 0.9253
slide,human,task_success,7,187499.625,0.9365940145983123,0.00912770913152472,8,0.9733 0.9396 0.9338 0.9530 0.9543 0.9060 0.8944 0.9383
slide,human,task_success,8,212499.575,0.9537641597640816,0.007242679517369528,8,0.9889 0.9377 0.9487 0.9657 0.9538 0.9217 0.9461 0.9675
slide,human,task_success,9,237499.52500000002,0.9691678460002013,0.006083398705299951,8,0.9856 0.9605 0.9687 0.9808 0.9714 0.9313 0.9749 0.9800
slide,human,task_success,10,262499.475,0.9729693964135216,0.0037451659332327666,8,0.9857 0.9741 0.9674 0.9855 0.9736 0.9539 0.9659 0.9776
slide,human,task_success,11,287499.42500000005,0.9825756404787312,0.00294705040869606,8,0.9891 0.9733 0.9721 0.9916 0.9855 0.9729 0.9897 0.9864
slide,human,task_success,12,312499.375,0.9820748866130148,0.0031383949702600638,8,0.9908 0.9766 0.9742 0.9947 0.9749 0.9710 0.9870 0.9872
slide,human,task_success,13,337499.325,0.9868549432712332,0.002987955341053474,8,0.9957 0.9928 0.9722 0.9946 0.9833 0.9778 0.9874 0.9909
slide,human,task_success,14,362499.275,0.9844228406618424,0.002436524359332832,8,0.9863 0.9909 0.9812 0.9824 0.9884 0.9694 0.9883 0.9883
slide,human,task_success,15,387499.225,0.9869914504937275,0.0022444930528115106,8,0.9835 0.9835 0.9858 0.9955 0.9964 0.9773 0.9871 0.9868
slide,human,task_success,16,412499.17500000005,0.9918924601472217,0.0011657276086033906,8,0.9918 0.9905 0.9913 0.9970 0.9916 0.9862 0.9910 0.9957
slide,human,task_success,17,437499.125,0.9932867275596897,0.0013795303703204016,8,0.9956 0.9941 0.9948 0.9947 0.9963 0.9839 0.9935 0.9934
slide,human,task_success,18,462499.075,0.9923549581929657,0.0013339372637696289,8,0.9947 0.9882 0.9933 0.9948 0.9948 0.9855 0.9963 0.9912
slide,human,task_success,19,487499.025,0.9901915480269148,0.0019527453309010326,8,0.9912 0.9849 0.9932 0.9908 0.9948 0.9789 0.9940 0.9938
slide,human,task_success,20,512498.97500000003,0.9935485611651087,0.0013304605183585014,8,0.9965 0.9910 0.9963 0.9956 0.9958 0.9906 0.9864 0.9962
slide,human,task_success,21,537498.925,0.9939918267017649,0.0009205209068618878,8,0.9910 0.9953 0.9916 0.9965 0.9972 0.9904 0.9945 0.9954
slide,human,task_success,22,562498.875,0.994552159089611,0.0006354732666589556,8,0.9945 0.9949 0.9967 0.9924 0.9916 0.9942 0.9956 0.9964
slide,human,task_success,23,587498.825,0.9950021892877772,0.0007569830000159181,8,0.9960 0.9958 0.9930 0.9945 0.9984 0.9927 0.9969 0.9927
slide,human,task_success,24,612498.775,0.9946649049838656,0.0010727642075565465,8,0.9960 0.9975 0.9933 0.9949 0.9973 0.9880 0.9955 0.9948
slide,human,task_success,25,637498.7250000001,0.9955972037583878,0.0008150977290044491,8,0.9965 0.9936 0.9927 0.9983 0.9959 0.9931 0.9988 0.9957
slide,human,task_success,26,662498.675,0.9956096062260545,0.0007961200418730252,8,0.9951 0.9929 0.9977 0.9985 0.9972 0.9920 0.9958 0.9957
slide,human,task_success,27,687498.625,0.9949449415151136,0.0015153642631655598,8,0.9881 0.9982 0.9961 0.9989 0.9973 0.9883 0.9955 0.9972
slide,human,task_success,28,712498.575,0.9948514038411118,0.00027825235595709403,8,0.9943 0.9952 0.9949 0.9943 0.9951 0.9935 0.9958 0.9958
slide,human,task_success,29,737498.525,0.9957659186580957,0.0007355433560078872,8,0.9933 0.9976 0.9976 0.9961 0.9948 0.9926 0.9983 0.9958
slide,human,task_success,30,762498.4750000001,0.9959216637149746,0.0012296360366330506,8,0.9952 0.9975 0.9954 0.9995 0.9966 0.9882 0.9989 0.9960
slide,human,task_success,31,787498.425,0.9965619162559588,0.0007107063709748978,8,0.9994 0.9981 0.9959 0.9985 0.9966 0.9933 0.9949 0.9957
slide,human,task_success,32,812498.375,0.995849304208459,0.001216496641684155,8,0.9959 0.9970 0.9964 1.0000 0.9979 0.9975 0.9936 0.9886
slide,human,task_success,33,837498.325,0.9964084509747575,0.0006881555033929777,8,0.9929 0.9950 0.9970 0.9990 0.9979 0.9951 0.9973 0.9971
slide,human,task_success,34,862498.275,0.9948149628487042,0.0006768540046861727,8,0.9935 0.9944 0.9948 0.9985 0.9962 0.9923 0.9952 0.9937
slide,human,task_success,35,887498.2250000001,0.9954769660180742,0.0010077833172515052,8,0.9899 0.9983 0.9951 0.9960 0.9985 0.9943 0.9940 0.9978
slide,human,task_success,36,912498.175,0.9951446186358724,0.0010188911201422324,8,0.9919 0.9984 0.9989 0.9930 0.9968 0.9915 0.9943 0.9963
slide,human,task_success,37,937498.125,0.9944023922747691,0.0011836475546185025,8,0.9943 0.9943 0.9943 0.9972 0.9972 0.9875 0.9925 0.9978
slide,human,task_success,38,962498.075,0.9963567885980127,0.0007842456392278395,8,0.9936 0.9977 0.9944 0.9979 0.9995 0.9938 0.9978 0.9961
slide,human,task_success,39,987498.025,0.997189759462597,0.0007528330648754638,8,0.9946 0.9984 0.9989 0.9984 0.9990 0.9948 0.9989 0.9944
slide,machine,contact,0,12499.975,0.33427749054719835,0.04253147840778642,8,0.3068 0.3977 0.4808 0.2778 0.1642 0.3803 0.1905 0.4762
slide,machine,contact,1,37499.925,0.7028996909541795,0.03912840804389568,8,0.7742 0.8189 0.6803 0.5417 0.6197 0.7586 0.5917 0.8381
slide,machine,contact,2,62499.875,0.7779586810178497,0.03457454579874954,8,0.8235 0.8346 0.6212 0.7571 0.6364 0.8272 0.8547 0.8690
slide,machine,contact,3,87499.82500000001,0.8113463695077815,0.02235527422621446,8,0.7921 0.7761 0.7318 0.8066 0.7472 0.8436 0.8840 0.9093
slide,machine,contact,4,112499.775,0.8506333542668676,0.021791256979314652,8,0.9000 0.8822 0.7135 0.8473 0.8163 0.8704 0.8905 0.8848
slide,machine,contact,5,137499.725,0.8833211820911389,0.013739939771759123,8,0.9197 0.8778 0.8115 0.8712 0.8519 0.9165 0.8933 0.9248
slide,machine,contact,6,162499.675,0.9030996606056214,0.010458334381278578,8,0.9349 0.9113 0.8675 0.8583 0.8829 0.9319 0.9159 0.9223
slide,machine,contact,7,187499.625,0.9147290998796629,0.012861874910272275,8,0.9435 0.9100 0.8596 0.8697 0.8986 0.9487 0.9548 0.9329
slide,machine,contact,8,212499.575,0.9478272277112887,0.009209848710204848,8,0.9617 0.9339 0.8934 0.9344 0.9598 0.9710 0.9664 0.9619
slide,machine,contact,9,237499.52500000002,0.9521297570836472,0.006548685099202371,8,0.9571 0.9383 0.9199 0.9582 0.9475 0.9486 0.9651 0.9823
slide,machine,contact,10,262499.475,0.9587496924955357,0.0071365894011106625,8,0.9740 0.9265 0.9382 0.9645 0.9517 0.9527 0.9772 0.9851
slide,machine,contact,11,287499.42500000005,0.9672895501676659,0.0046520989042497666,8,0.9751 0.9520 0.9694 0.9652 0.9487 0.9620 0.9784 0.9876
slide,machine,contact,12,312499.375,0.9692845034866436,0.00420095994568656,8,0.9792 0.9526 0.9625 0.9728 0.9588 0.9619 0.9830 0.9835
slide,machine,contact,13,337499.325,0.9764983106175628,0.0031980489539503117,8,0.9867 0.9758 0.9767 0.9713 0.9622 0.9685 0.9827 0.9881
slide,machine,contact,14,362499.275,0.9775004968873652,0.003146482485948674,8,0.9772 0.9834 0.9734 0.9736 0.9670 0.9673 0.9906 0.9875
slide,machine,contact,15,387499.225,0.9792053944590695,0.0021343432666785494,8,0.9865 0.9790 0.9732 0.9790 0.9714 0.9739 0.9867 0.9837
slide,machine,contact,16,412499.17500000005,0.9833073651469079,0.0015704615383592385,8,0.9845 0.9806 0.9802 0.9865 0.9847 0.9753 0.9897 0.9849
slide,machine,contact,17,437499.125,0.9842485854058503,0.0024718269048554244,8,0.9917 0.9821 0.9842 0.9805 0.9787 0.9732 0.9916 0.9920
slide,machine,contact,18,462499.075,0.9824030634116059,0.0016106572074247726,8,0.9870 0.9818 0.9825 0.9805 0.9763 0.9785 0.9821 0.9906
slide,machine,contact,19,487499.025,0.9853555375458734,0.00240524732784374,8,0.9907 0.9873 0.9815 0.9788 0.9828 0.9753 0.9924 0.9941
slide,machine,contact,20,512498.97500000003,0.987071867263084,0.002050491733628019,8,0.9911 0.9840 0.9888 0.9811 0.9781 0.9859 0.9938 0.9937
slide,machine,contact,21,537498.925,0.9896036669863273,0.0019415586351960873,8,0.9924 0.9872 0.9924 0.9809 0.9858 0.9858 0.9968 0.9954
slide,machine,contact,22,562498.875,0.9897438445672737,0.0013668167351379799,8,0.9929 0.9913 0.9864 0.9901 0.9821 0.9889 0.9926 0.9936
slide,machine,contact,23,587498.825,0.9885871305592073,0.001308648935212232,8,0.9903 0.9860 0.9906 0.9814 0.9881 0.9885 0.9940 0.9898
slide,machine,contact,24,612498.775,0.992143184095916,0.0016008753957637279,8,0.9920 0.9903 0.9949 0.9889 0.9835 0.9942 0.9977 0.9957
slide,machine,contact,25,637498.7250000001,0.9920980160877951,0.001574071448836876,8,0.9965 0.9909 0.9910 0.9842 0.9877 0.9959 0.9959 0.9947
slide,machine,contact,26,662498.675,0.9928558276543642,0.001316183329339524,8,0.9955 0.9899 0.9947 0.9880 0.9884 0.9949 0.9983 0.9931
slide,machine,contact,27,687498.625,0.9939530708263615,0.000984258891813671,8,0.9939 0.9909 0.9910 0.9914 0.9940 0.9954 0.9984 0.9968
slide,machine,contact,28,712498.575,0.9944224423828234,0.0005888526669787221,8,0.9927 0.9926 0.9959 0.9956 0.9959 0.9922 0.9960 0.9946
slide,machine,contact,29,737498.525,0.9939739168531716,0.0009352086361831062,8,0.9959 0.9931 0.9951 0.9911 0.9918 0.9910 0.9984 0.9954
slide,machine,contact,30,762498.4750000001,0.9940588627697728,0.0014514534196660963,8,0.9963 0.9939 0.9939 0.9848 0.9947 0.9937 0.9973 0.9980
slide,machine,contact,31,787498.425,0.9955918235437806,0.0008915729594410324,8,0.9959 0.9949 0.9979 0.9906 0.9938 0.9964 0.9967 0.9985
slide,machine,contact,32,812498.375,0.9946631622691678,0.0011089327869907315,8,0.9981 0.9958 0.9936 0.9888 0.9933 0.9929 0.9979 0.9969
slide,machine,contact,33,837498.325,0.9954108683593429,0.00084437835150891,8,0.9966 0.9946 0.9975 0.9911 0.9933 0.9954 0.9984 0.9964
slide,machine,contact,34,862498.275,0.9937277788651863,0.0014011710815470682,8,0.9986 0.9923 0.9962 0.9851 0.9942 0.9936 0.9951 0.9947
slide,machine,contact,35,887498.2250000001,0.9951305232041758,0.0011324859671556463,8,0.9975 0.9934 0.9963 0.9884 0.9966 0.9938 0.9972 0.9978
slide,machine,contact,36,912498.175,0.9933850779759937,0.0019148340920360789,8,0.9971 0.9912 0.9907 0.9820 0.9958 0.9975 0.9943 0.9985
slide,machine,contact,37,937498.125,0.9952462201481009,0.0011766803770107991,8,0.9959 0.9943 0.9974 0.9922 0.9889 0.9975 0.9989 0.9968
slide,machine,contact,38,962498.075,0.9957357078370537,0.0008022494394374372,8,0.9976 0.9938 0.9964 0.9924 0.9942 0.9948 0.9983 0.9984
slide,machine,contact,39,987498.025,0.9951828212755625,0.0008128274692375206,8,0.9947 0.9948 0.9957 0.9910 0.9932 0.9968 0.9978 0.9975
slide,machine,task_success,0,12499.975,0.33427749054719835,0.04253147840778642,8,0.3068 0.3977 0.4808 0.2778 0.1642 0.3803 0.1905 0.4762
slide,machine,task_success,1,37499.925,0.7028996909541795,0.03912840804389568,8,0.7742 0.8189 0.6803 0.5417 0.6197 0.7586 0.5917 0.8381
slide,machine,task_success,2,62499.875,0.7779586810178497,0.03457454579874954,8,0.8235 0.8346 0.6212 0.7571 0.6364 0.8272 0.8547 0.8690
slide,machine,task_success,3,87499.82500000001,0.8113463695077815,0.02235527422621446,8,0.7921 0.7761 0.7318 0.8066 0.7472 0.8436 0.8840 0.9093
slide,machine,task_success,4,112499.775,0.8506333542668676,0.021791256979314652,8,0.9000 0.8822 0.7135 0.8473 0.8163 0.8704 0.8905 0.8848
slide,machine,task_success,5,137499.725,0.8833211820911389,0.013739939771759123,8,0.9197 0.8778 0.8115 0.8712 0.8519 0.9165 0.8933 0.9248
slide,machine,task_success,6,162499.675,0.9030996606056214,0.010458334381278578,8,0.9349 0.9113 0.8675 0.8583 0.8829 0.9319 0.9159 0.9223
slide,machine,task_success,7,187499.625,0.9147290998796629,0.012861874910272275,8,0.9435 0.9100 0.8596 0.8697 0.8986 0.9487 0.9548 0.9329
slide,machine,task_success,8,212499.575,0.9478272277112887,0.009209848710204848,8,0.9617 0.9339 0.8934 0.9344 0.9598 0.9710 0.9664 0.9619
slide,machine,task_success,9,237499.52500000002,0.9521297570836472,0.006548685099202371,8,0.9571 0.9383 0.9199 0.9582 0.9475 0.9486 0.9651 0.9823
slide,machine,task_success,10,262499.475,0.9587496924955357,0.0071365894011106625,8,0.9740 0.9265 0.9382 0.9645 0.9517 0.9527 0.9772 0.9851
slide,machine,task_success,11,287499.42500000005,0.9672895501676659,0.0046520989042497666,8,0.9751 0.9520 0.9694 0.9652 0.9487 0.9620 0.9784 0.9876
slide,machine,task_success,12,312499.375,0.9692845034866436,0.00420095994568656,8,0.9792 0.9526 0.9625 0.9728 0.9588 0.9619 0.9830 0.9835
slide,machine,task_success,13,337499.325,0.9764983106175628,0.0031980489539503117,8,0.9867 0.9758 0.9767 0.9713 0.9622 0.9685 0.9827 0.9881
slide,machine,task_success,14,362499.275,0.9775004968873652,0.003146482485948674,8,0.9772 0.9834 0.9734 0.9736 0.9670 0.9673 0.9906 0.9875
slide,machine,task_success,15,387499.225,0.9792053944590695,0.0021343432666785494,8,0.9865 0.9790 0.9732 0.9790 0.9714 0.9739 0.9867 0.9837
slide,machine,task_success,16,412499.17500000005,0.9833073651469079,0.0015704615383592385,8,0.9845 0.9806 0.9802 0.9865 0.9847 0.9753 0.9897 0.9849
slide,machine,task_success,17,437499.125,0.9842485854058503,0.0024718269048554244,8,0.9917 0.9821 0.9842 0.9805 0.9787 0.9732 0.9916 0.9920
slide,machine,task_success,18,462499.075,0.9824030634116059,0.0016106572074247726,8,0.9870 0.9818 0.9825 0.9805 0.9763 0.9785 0.9821 0.9906
slide,machine,task_success,19,487499.025,0.9853555375458734,0.00240524732784374,8,0.9907 0.9873 0.9815 0.9788 0.9828 0.9753 0.9924 0.9941
slide,machine,task_success,20,512498.97500000003,0.987071867263084,0.002050491733628019,8,0.9911 0.9840 0.9888 0.9811 0.9781 0.9859 0.9938 0.9937
slide,machine,task_success,21,537498.925,0.9896036669863273,0.0019415586351960873,8,0.9924 0.9872 0.9924 0.9809 0.9858 0.9858 0.9968 0.9954
slide,machine,task_success,22,562498.875,0.9897438445672737,0.0013668167351379799,8,0.9929 0.9913 0.9864 0.9901 0.9821 0.9889 0.9926 0.9936
slide,machine,task_success,23,587498.825,0.9885871305592073,0.001308648935212232,8,0.9903 0.9860 0.9906 0.9814 0.9881 0.9885 0.9940 0.9898
slide,machine,task_success,24,612498.775,0.992143184095916,0.0016008753957637279,8,0.9920 0.9903 0.9949 0.9889 0.9835 0.9942 0.9977 0.9957
slide,machine,task_success,25,637498.7250000001,0.9920980160877951,0.001574071448836876,8,0.9965 0.9909 0.9910 0.9842 0.9877 0.9959 0.9959 0.9947
slide,machine,task_success,26,662498.675,0.9928558276543642,0.001316183329339524,8,0.9955 0.9899 0.9947 0.9880 0.9884 0.9949 0.9983 0.9931
slide,machine,task_success,27,687498.625,0.9939530708263615,0.000984258891813671,8,0.9939 0.9909 0.9910 0.9914 0.9940 0.9954 0.9984 0.9968
slide,machine,task_success,28,712498.575,0.9944224423828234,0.0005888526669787221,8,0.9927 0.9926 0.9959 0.9956 0.9959 0.9922 0.9960 0.9946
slide,machine,task_success,29,737498.525,0.9939739168531716,0.0009352086361831062,8,0.9959 0.9931 0.9951 0.9911 0.9918 0.9910 0.9984 0.9954
slide,machine,task_success,30,762498.4750000001,0.9940588627697728,0.0014514534196660963,8,0.9963 0.9939 0.9939 0.9848 0.9947 0.9937 0.9973 0.9980
slide,machine,task_success,31,787498.425,0.9955918235437806,0.0008915729594410324,8,0.9959 0.9949 0.9979 0.9906 0.9938 0.9964 0.9967 0.9985
slide,machine,task_success,32,812498.375,0.9946631622691678,0.0011089327869907315,8,0.9981 0.9958 0.9936 0.9888 0.9933 0.9929 0.9979 0.9969
slide,machine,task_success,33,837498.325,0.9954108683593429,0.00084437835150891,8,0.9966 0.9946 0.9975 0.9911 0.9933 0.9954 0.9984 0.9964
slide,machine,task_success,34,862498.275,0.9937277788651863,0.0014011710815470682,8,0.9986 0.9923 0.9962 0.9851 0.9942 0.9936 0.9951 0.9947
slide,machine,task_success,35,887498.2250000001,0.9951305232041758,0.0011324859671556463,8,0.9975 0.9934 0.9963 0.9884 0.9966 0.9938 0.9972 0.9978
slide,machine,task_success,36,912498.175,0.9933850779759937,0.0019148340920360789,8,0.9971 0.9912 0.9907 0.9820 0.9958 0.9975 0.9943 0.9985
slide,machine,task_success,37,937498.125,0.9952462201481009,0.0011766803770107991,8,0.9959 0.9943 0.9974 0.9922 0.9889 0.9975 0.9989 0.9968
slide,machine,task_success,38,962498.075,0.9957357078370537,0.0008022494394374372,8,0.9976 0.9938 0.9964 0.9924 0.9942 0.9948 0.9983 0.9984
slide,machine,task_success,39,987498.025,0.9951828212755625,0.0008128274692375206,8,0.9947 0.9948 0.9957 0.9910 0.9932 0.9968 0.9978 0.9975
e2e,human,picked,0,24999.9,nan,nan,0,nan nan nan nan nan nan nan nan
e2e,human,picked,1,74999.70000000001,nan,nan,0,nan nan nan nan nan nan nan nan
e2e,human,picked,2,124999.50000000001,0.0,0.0,8,0.0000 0.0000 0.0000 0.0000 0.0000 0.0000 0.0000 0.0000
e2e,human,picked,3,174999.30000000002,0.012287420331924023,0.005123223048730881,8,0.0000 0.0385 0.0192 0.0000 0.0189 0.0000 0.0217 0.0000
e2e,human,picked,4,224999.1,0.026668212739641314,0.010496130011206304,8,0.0612 0.0000 0.0455 0.0667 0.0000 0.0000 0.0000 0.0400
e2e,human,picked,5,274998.9,0.03842773324923498,0.012348009176752273,8,0.0222 0.0222 0.1176 0.0217 0.0189 0.0213 0.0222 0.0612
e2e,human,picked,6,324998.70000000007,0.07826849970079644,0.019711912563774317,8,0.0208 0.0816 0.1800 0.0465 0.0816 0.0227 0.0556 0.1373
e2e,human,picked,7,374998.5,0.08026668114054132,0.013595410722675626,8,0.0851 0.0638 0.1020 0.0000 0.0625 0.1020 0.1042 0.1224
e2e,human,picked,8,424998.30000000005,0.12656855931144834,0.027503506196028975,8,0.0426 0.1304 0.2449 0.0364 0.2115 0.1765 0.0870 0.0833
e2e,human,picked,9,474998.1,0.1403110495870589,0.030287947459655157,8,0.0652 0.2692 0.1087 0.0408 0.2245 0.0625 0.1400 0.2115
e2e,human,picked,10,524997.9,0.11278471098654505,0.01946743150417793,8,0.0566 0.1304 0.1020 0.0217 0.2000 0.1346 0.1087 0.1481
e2e,human,picked,11,574997.7000000001,0.20260423606493275,0.03248333798457002,8,0.1042 0.3333 0.3167 0.1522 0.2353 0.1064 0.1321 0.2407
e2e,human,picked,12,624997.5,0.23650654265031065,0.03295543252913492,8,0.1698 0.2692 0.1600 0.2222 0.4407 0.2292 0.1509 0.2500
e2e,human,picked,13,674997.3,0.25593381848566177,0.05675889935069497,8,0.0800 0.3788 0.3269 0.0667 0.5161 0.1020 0.2885 0.2885
e2e,human,picked,14,724997.1000000001,0.3369173668924199,0.06529715454056956,8,0.3175 0.4667 0.2245 0.2407 0.6818 0.1837 0.1277 0.4528
e2e,human,picked,15,774996.9,0.33680249999451484,0.06193667363949924,8,0.1957 0.5385 0.1020 0.3636 0.4310 0.1915 0.2800 0.5921
e2e,human,picked,16,824996.7000000001,0.3862893106757025,0.05995097823881252,8,0.2885 0.5775 0.2083 0.3333 0.4595 0.2909 0.2500 0.6824
e2e,human,picked,17,874996.5,0.40785472846809656,0.06287671098800303,8,0.4000 0.5632 0.1458 0.4237 0.6854 0.3273 0.2174 0.5000
e2e,human,picked,18,924996.3,0.4435012682300817,0.06441501072893856,8,0.3704 0.6421 0.2500 0.4925 0.6750 0.1964 0.3333 0.5882
e2e,human,picked,19,974996.1000000001,0.4115697964464911,0.05299058622976283,8,0.3125 0.6500 0.2449 0.3279 0.6277 0.4225 0.3200 0.3871
e2e,human,picked,20,1024995.9,0.4450105799982785,0.0450890909021188,8,0.4068 0.6146 0.3061 0.4783 0.6404 0.4306 0.3000 0.3833
e2e,human,picked,21,1074995.7000000002,0.4056816563457828,0.06877492683666729,8,0.3462 0.7442 0.2941 0.0851 0.5667 0.3788 0.3667 0.4638
e2e,human,picked,22,1124995.5,0.4478157867764053,0.0710475735762016,8,0.2041 0.6887 0.4918 0.1837 0.3898 0.3433 0.5909 0.6903
e2e,human,picked,23,1174995.3000000003,0.5156437560418958,0.053742880795358446,8,0.4561 0.7778 0.3393 0.3971 0.6813 0.3919 0.5287 0.5529
e2e,human,picked,24,1224995.1,0.5428151534918102,0.056282718623831475,8,0.3200 0.8214 0.4483 0.4400 0.6322 0.5063 0.4940 0.6803
e2e,human,picked,25,1274994.9,0.4883210380549704,0.050955783001004964,8,0.4000 0.6263 0.3393 0.5060 0.6735 0.3167 0.4000 0.6449
e2e,human,picked,26,1324994.7000000002,0.5313250807368455,0.047525104825940655,8,0.2963 0.7387 0.5000 0.6569 0.5067 0.4559 0.5000 0.5962
e2e,human,picked,27,1374994.5,0.5689403968662623,0.047059138239676425,8,0.4000 0.5287 0.7429 0.6881 0.3750 0.5362 0.6238 0.6569
e2e,human,picked,28,1424994.3000000003,0.4867492166481111,0.04892752378870332,8,0.2391 0.6250 0.4559 0.6064 0.5385 0.5316 0.5728 0.3247
e2e,human,picked,29,1474994.1,0.5092465926851205,0.0442965834004193,8,0.3607 0.5795 0.3750 0.5208 0.7612 0.5000 0.4767 0.5000
e2e,human,picked,30,1524993.9,0.5546777671210155,0.03835117401987446,8,0.4648 0.6292 0.4000 0.5943 0.7563 0.5417 0.5444 0.5067
e2e,human,picked,31,1574993.7000000002,0.4828343628729492,0.05680427372759503,8,0.3281 0.7008 0.2041 0.5795 0.6049 0.4225 0.5432 0.4795
e2e,human,picked,32,1624993.5,0.5567580070803179,0.04796274457983707,8,0.4359 0.6574 0.3788 0.6940 0.5467 0.4000 0.7091 0.6322
e2e,human,picked,33,1674993.3000000003,0.5173211920993697,0.04346151460104903,8,0.4521 0.5000 0.3443 0.5543 0.3731 0.6018 0.6967 0.6163
e2e,human,picked,34,1724993.1,0.5374116500678927,0.05941252323842387,8,0.4898 0.4366 0.3692 0.6163 0.2963 0.6339 0.6571 0.8000
e2e,human,picked,35,1774992.9,0.5607451331542281,0.06013890205351048,8,0.3947 0.5570 0.3019 0.6296 0.6022 0.4667 0.7054 0.8286
e2e,human,picked,36,1824992.7000000002,0.5407099978871023,0.06180166080785272,8,0.4125 0.5750 0.3500 0.6538 0.6197 0.2857 0.6265 0.8024
e2e,human,picked,37,1874992.5,0.6017664855281328,0.055414050206311884,8,0.5122 0.6250 0.4194 0.8222 0.6000 0.3971 0.6415 0.7968
e2e,human,picked,38,1924992.3000000003,0.6073192635050395,0.054495170827341996,8,0.5281 0.6071 0.4648 0.8235 0.7826 0.4030 0.5250 0.7244
e2e,human,picked,39,1974992.1,0.5353939835409834,0.048773609389603206,8,0.4146 0.5926 0.5479 0.7259 0.2667 0.5521 0.5979 0.5854
e2e,human,contact,0,24999.9,nan,nan,0,nan nan nan nan nan nan nan nan
e2e,human,contact,1,74999.70000000001,nan,nan,0,nan nan nan nan nan nan nan nan
e2e,human,contact,2,124999.50000000001,0.0,0.0,8,0.0000 0.0000 0.0000 0.0000 0.0000 0.0000 0.0000 0.0000
e2e,human,contact,3,174999.30000000002,0.0,0.0,8,0.0000 0.0000 0.0000 0.0000 0.0000 0.0000 0.0000 0.0000
e2e,human,contact,4,224999.1,0.0,0.0,8,0.0000 0.0000 0.0000 0.0000 0.0000 0.0000 0.0000 0.0000
e2e,human,contact,5,274998.9,0.0,0.0,8,0.0000 0.0000 0.0000 0.0000 0.0000 0.0000 0.0000 0.0000
e2e,human,contact,6,324998.70000000007,0.0,0.0,8,0.0000 0.0000 0.0000 0.0000 0.0000 0.0000 0.0000 0.0000
e2e,human,contact,7,374998.5,0.0026595744680851063,0.0026595744680851055,8,0.0000 0.0213 0.0000 0.0000 0.0000 0.0000 0.0000 0.0000
e2e,human,contact,8,424998.30000000005,0.02049994328835213,0.006798994862424145,8,0.0000 0.0435 0.0204 0.0000 0.0192 0.0392 0.0000 0.0417
e2e,human,contact,9,474998.1,0.029697375605760697,0.012167291539556745,8,0.0217 0.0962 0.0000 0.0000 0.0612 0.0000 0.0200 0.0385
e2e,human,contact,10,524997.9,0.015064412238325282,0.007375888750365689,8,0.0000 0.0435 0.0000 0.0000 0.0400 0.0000 0.0000 0.0370
e2e,human,contact,11,574997.7000000001,0.032355767254490894,0.022071137750406887,8,0.0000 0.1852 0.0167 0.0000 0.0196 0.0000 0.0189 0.0185
e2e,human,contact,12,624997.5,0.03888057426722681,0.019938466522875654,8,0.0000 0.1731 0.0400 0.0185 0.0169 0.0208 0.0000 0.0417
e2e,human,contact,13,674997.3,0.0884924445753939,0.03920759667892146,8,0.0200 0.2879 0.0192 0.0000 0.2258 0.0204 0.0192 0.1154
e2e,human,contact,14,724997.1000000001,0.14715853334630932,0.0655440165654413,8,0.0000 0.3000 0.0000 0.0556 0.4773 0.0000 0.0426 0.3019
e2e,human,contact,15,774996.9,0.152706105264227,0.06774740855387096,8,0.0000 0.4308 0.0204 0.0364 0.2586 0.0213 0.0200 0.4342
e2e,human,contact,16,824996.7000000001,0.22921848373258458,0.08346973245926534,8,0.0000 0.5775 0.0417 0.0526 0.3514 0.2000 0.0577 0.5529
e2e,human,contact,17,874996.5,0.23359976571099753,0.0849093896962427,8,0.0182 0.5402 0.0625 0.0847 0.5730 0.1636 0.0000 0.4265
e2e,human,contact,18,924996.3,0.2790551073492019,0.08107874877704095,8,0.0185 0.5684 0.0769 0.1194 0.6000 0.1429 0.2593 0.4471
e2e,human,contact,19,974996.1000000001,0.30241815365674524,0.06496442728906832,8,0.1667 0.6000 0.1224 0.1311 0.5426 0.2817 0.2200 0.3548
e2e,human,contact,20,1024995.9,0.27720931162088763,0.06318525180176739,8,0.1017 0.5104 0.2245 0.1159 0.5618 0.2500 0.1200 0.3333
e2e,human,contact,21,1074995.7000000002,0.30441951034299153,0.06515943509501955,8,0.1538 0.5969 0.2549 0.0213 0.5000 0.2273 0.3333 0.3478
e2e,human,contact,22,1124995.5,0.3286038905709076,0.06744017682633222,8,0.1020 0.5755 0.3115 0.1020 0.2881 0.2388 0.4091 0.6018
e2e,human,contact,23,1174995.3000000003,0.3813682284994471,0.06164083149584384,8,0.2456 0.7083 0.1786 0.2941 0.5495 0.2838 0.3793 0.4118
e2e,human,contact,24,1224995.1,0.456876450034629,0.0603304143983805,8,0.2400 0.7143 0.3276 0.3200 0.6092 0.4557 0.3735 0.6148
e2e,human,contact,25,1274994.9,0.383745229843793,0.05570954437992587,8,0.2182 0.5051 0.2679 0.3133 0.6224 0.2500 0.3231 0.5701
e2e,human,contact,26,1324994.7000000002,0.4297910528115636,0.04424356747173046,8,0.2407 0.6486 0.4500 0.4510 0.3467 0.3382 0.4342 0.5288
e2e,human,contact,27,1374994.5,0.4683391774557739,0.039304683365111795,8,0.3167 0.4483 0.6476 0.4404 0.3750 0.4058 0.5248 0.5882
e2e,human,contact,28,1424994.3000000003,0.4249294366032841,0.04736107977233545,8,0.1522 0.5568 0.4412 0.4894 0.5256 0.4177 0.5049 0.3117
e2e,human,contact,29,1474994.1,0.43412494339730745,0.0474172518004009,8,0.2623 0.5568 0.3393 0.3750 0.6940 0.4268 0.4070 0.4118
e2e,human,contact,30,1524993.9,0.4860072695751346,0.03940567478491829,8,0.4085 0.6067 0.3636 0.4245 0.6975 0.4583 0.4889 0.4400
e2e,human,contact,31,1574993.7000000002,0.41304768472970343,0.050083631149132606,8,0.3125 0.6063 0.1633 0.4091 0.5679 0.3803 0.4815 0.3836
e2e,human,contact,32,1624993.5,0.500121557166076,0.0410436895650765,8,0.4103 0.6296 0.3333 0.5821 0.4933 0.3733 0.6273 0.5517
e2e,human,contact,33,1674993.3000000003,0.43763157778826967,0.025023836756019414,8,0.4247 0.4865 0.3279 0.4783 0.3582 0.4071 0.4836 0.5349
e2e,human,contact,34,1724993.1,0.46662228454522914,0.04681519952472633,8,0.4286 0.4225 0.3077 0.4884 0.2963 0.5357 0.5619 0.6919
e2e,human,contact,35,1774992.9,0.5034142131553917,0.055392409744094935,8,0.3553 0.5443 0.2453 0.5463 0.5269 0.4533 0.5893 0.7667
e2e,human,contact,36,1824992.7000000002,0.4992359863411488,0.05526681383293248,8,0.3875 0.5375 0.3000 0.5846 0.6197 0.2857 0.5663 0.7126
e2e,human,contact,37,1874992.5,0.5490383736105434,0.055350489851796525,8,0.4390 0.6136 0.3387 0.7611 0.5600 0.3676 0.5849 0.7273
e2e,human,contact,38,1924992.3000000003,0.5516551713510802,0.04901176997318728,8,0.4719 0.5952 0.4648 0.7386 0.7304 0.3731 0.4250 0.6142
e2e,human,contact,39,1974992.1,0.4761945156845014,0.044142025735123595,8,0.3659 0.5679 0.4521 0.6000 0.2333 0.4896 0.5155 0.5854
e2e,human,nested_proxy,0,24999.9,nan,nan,0,nan nan nan nan nan nan nan nan
e2e,human,nested_proxy,1,74999.70000000001,nan,nan,0,nan nan nan nan nan nan nan nan
e2e,human,nested_proxy,2,124999.50000000001,0.0,0.0,8,0.0000 0.0000 0.0000 0.0000 0.0000 0.0000 0.0000 0.0000
e2e,human,nested_proxy,3,174999.30000000002,0.0,0.0,8,0.0000 0.0000 0.0000 0.0000 0.0000 0.0000 0.0000 0.0000
e2e,human,nested_proxy,4,224999.1,0.0,0.0,8,0.0000 0.0000 0.0000 0.0000 0.0000 0.0000 0.0000 0.0000
e2e,human,nested_proxy,5,274998.9,0.0,0.0,8,0.0000 0.0000 0.0000 0.0000 0.0000 0.0000 0.0000 0.0000
e2e,human,nested_proxy,6,324998.70000000007,0.0,0.0,8,0.0000 0.0000 0.0000 0.0000 0.0000 0.0000 0.0000 0.0000
e2e,human,nested_proxy,7,374998.5,0.0,0.0,8,0.0000 0.0000 0.0000 0.0000 0.0000 0.0000 0.0000 0.0000
e2e,human,nested_proxy,8,424998.30000000005,0.0024509803921568627,0.002450980392156863,8,0.0000 0.0000 0.0000 0.0000 0.0000 0.0196 0.0000 0.0000
e2e,human,nested_proxy,9,474998.1,0.004807692307692308,0.004807692307692307,8,0.0000 0.0385 0.0000 0.0000 0.0000 0.0000 0.0000 0.0000
e2e,human,nested_proxy,10,524997.9,0.0,0.0,8,0.0000 0.0000 0.0000 0.0000 0.0000 0.0000 0.0000 0.0000
e2e,human,nested_proxy,11,574997.7000000001,0.0023148148148148147,0.0023148148148148143,8,0.0000 0.0185 0.0000 0.0000 0.0000 0.0000 0.0000 0.0000
e2e,human,nested_proxy,12,624997.5,0.0075080128205128206,0.0036666650156730574,8,0.0000 0.0192 0.0200 0.0000 0.0000 0.0000 0.0000 0.0208
e2e,human,nested_proxy,13,674997.3,0.03545614331904654,0.02155420792066352,8,0.0000 0.1515 0.0000 0.0000 0.1129 0.0000 0.0000 0.0192
e2e,human,nested_proxy,14,724997.1000000001,0.07150256495775363,0.03788925904093429,8,0.0000 0.2167 0.0000 0.0185 0.2614 0.0000 0.0000 0.0755
e2e,human,nested_proxy,15,774996.9,0.0775414967330123,0.04110732770679025,8,0.0000 0.2769 0.0204 0.0000 0.0517 0.0213 0.0000 0.2500
e2e,human,nested_proxy,16,824996.7000000001,0.14998748178336546,0.06114757371291719,8,0.0000 0.4225 0.0000 0.0175 0.2432 0.1636 0.0000 0.3529
e2e,human,nested_proxy,17,874996.5,0.16879328505478364,0.06835642943073188,8,0.0000 0.4943 0.0417 0.0508 0.3933 0.0909 0.0000 0.2794
e2e,human,nested_proxy,18,924996.3,0.18519903779906494,0.06672901578349213,8,0.0000 0.4421 0.0192 0.0597 0.4375 0.0893 0.0926 0.3412
e2e,human,nested_proxy,19,974996.1000000001,0.1968652854424455,0.05140053334306019,8,0.0208 0.4000 0.0612 0.0656 0.3191 0.2817 0.1200 0.3065
e2e,human,nested_proxy,20,1024995.9,0.16127990541120388,0.04508018592389651,8,0.0169 0.2812 0.0204 0.0870 0.3708 0.1806 0.1000 0.2333
e2e,human,nested_proxy,21,1074995.7000000002,0.2061271703515199,0.05762789812740211,8,0.0577 0.4729 0.1373 0.0213 0.3778 0.1061 0.3167 0.1594
e2e,human,nested_proxy,22,1124995.5,0.21540786461681993,0.06326595224796681,8,0.0204 0.4906 0.1639 0.0204 0.1525 0.1791 0.2273 0.4690
e2e,human,nested_proxy,23,1174995.3000000003,0.2674504041620648,0.0629557045494011,8,0.0351 0.6250 0.1429 0.2059 0.3736 0.1757 0.2874 0.2941
e2e,human,nested_proxy,24,1224995.1,0.32010081813797064,0.06292660167194786,8,0.0600 0.6071 0.2241 0.2133 0.3678 0.2785 0.2771 0.5328
e2e,human,nested_proxy,25,1274994.9,0.26247969469378135,0.056471782041262436,8,0.0545 0.3939 0.1964 0.2651 0.3878 0.0667 0.2308 0.5047
e2e,human,nested_proxy,26,1324994.7000000002,0.28568897293935996,0.047221401757916746,8,0.1111 0.4865 0.2333 0.3431 0.1733 0.1765 0.3289 0.4327
e2e,human,nested_proxy,27,1374994.5,0.3311840017198716,0.04778282908733636,8,0.1833 0.2759 0.5143 0.3670 0.2679 0.1449 0.4158 0.4804
e2e,human,nested_proxy,28,1424994.3000000003,0.30721016012239616,0.04850465184745064,8,0.0217 0.4091 0.3529 0.4362 0.3333 0.2532 0.4175 0.2338
e2e,human,nested_proxy,29,1474994.1,0.2922133759942241,0.04653712835058801,8,0.1803 0.3864 0.1429 0.2917 0.5224 0.3415 0.3256 0.1471
e2e,human,nested_proxy,30,1524993.9,0.3413562997945006,0.03692033440928308,8,0.3239 0.4607 0.2545 0.2642 0.5210 0.3021 0.3778 0.2267
e2e,human,nested_proxy,31,1574993.7000000002,0.3109687020786138,0.03740421112595951,8,0.2812 0.4882 0.1429 0.2955 0.3951 0.2817 0.3704 0.2329
e2e,human,nested_proxy,32,1624993.5,0.3367002955442224,0.034589674205465895,8,0.3333 0.4167 0.2424 0.4478 0.2800 0.2133 0.4727 0.2874
e2e,human,nested_proxy,33,1674993.3000000003,0.32359179701092267,0.023554067443848296,8,0.3425 0.3649 0.2787 0.3478 0.1791 0.3451 0.3934 0.3372
e2e,human,nested_proxy,34,1724993.1,0.31658780978770684,0.05695287669546104,8,0.3163 0.2676 0.1538 0.3372 0.0926 0.3571 0.3810 0.6270
e2e,human,nested_proxy,35,1774992.9,0.36542652671654596,0.062280855041976405,8,0.2500 0.3291 0.0755 0.4537 0.3011 0.3867 0.4464 0.6810
e2e,human,nested_proxy,36,1824992.7000000002,0.35385024746507265,0.057393277650437474,8,0.2750 0.3875 0.2667 0.5077 0.1408 0.1905 0.4578 0.6048
e2e,human,nested_proxy,37,1874992.5,0.42527561724516477,0.05385028940251497,8,0.2927 0.4545 0.2903 0.6278 0.3800 0.2353 0.4906 0.6310
e2e,human,nested_proxy,38,1924992.3000000003,0.43098076834387733,0.03915424838710724,8,0.3820 0.4524 0.4366 0.5425 0.5565 0.2239 0.3500 0.5039
e2e,human,nested_proxy,39,1974992.1,0.34382732969377955,0.02587928908189105,8,0.3049 0.4444 0.3288 0.4000 0.2000 0.3646 0.3299 0.3780
e2e,machine,picked,0,24999.9,nan,nan,0,nan nan nan nan nan nan nan nan
e2e,machine,picked,1,74999.70000000001,nan,nan,0,nan nan nan nan nan nan nan nan
e2e,machine,picked,2,124999.50000000001,0.0,0.0,8,0.0000 0.0000 0.0000 0.0000 0.0000 0.0000 0.0000 0.0000
e2e,machine,picked,3,174999.30000000002,0.02605071283832682,0.009448035074904463,8,0.0000 0.0204 0.0638 0.0000 0.0000 0.0417 0.0213 0.0612
e2e,machine,picked,4,224999.1,0.03080752159019636,0.017419065362851826,8,0.1400 0.0000 0.0638 0.0000 0.0222 0.0000 0.0000 0.0204
e2e,machine,picked,5,274998.9,0.02127424339300938,0.006957325716350087,8,0.0444 0.0435 0.0222 0.0000 0.0000 0.0208 0.0000 0.0392
e2e,machine,picked,6,324998.70000000007,0.028569581982990828,0.01016038343896704,8,0.0000 0.0435 0.0000 0.0800 0.0392 0.0000 0.0455 0.0204
e2e,machine,picked,7,374998.5,0.03132636476576446,0.007665045153168449,8,0.0208 0.0612 0.0222 0.0612 0.0213 0.0426 0.0000 0.0213
e2e,machine,picked,8,424998.30000000005,0.0651757945557157,0.014352006701002881,8,0.0000 0.0889 0.1087 0.0698 0.0213 0.1111 0.0417 0.0800
e2e,machine,picked,9,474998.1,0.06362917139355952,0.018942839702268333,8,0.0000 0.1250 0.1064 0.0000 0.0217 0.1224 0.0426 0.0909
e2e,machine,picked,10,524997.9,0.08577094448105087,0.03159387173663693,8,0.0638 0.0682 0.2321 0.0000 0.1731 0.0000 0.0000 0.1489
e2e,machine,picked,11,574997.7000000001,0.08046909698411003,0.021553713893452453,8,0.0652 0.1064 0.0909 0.0000 0.0476 0.0444 0.0816 0.2075
e2e,machine,picked,12,624997.5,0.13819221789619568,0.029415184663307517,8,0.1250 0.2308 0.2200 0.0217 0.1333 0.0426 0.1000 0.2321
e2e,machine,picked,13,674997.3,0.14136721109636413,0.031435247104769526,8,0.0870 0.2885 0.1636 0.0233 0.1176 0.1176 0.0833 0.2500
e2e,machine,picked,14,724997.1000000001,0.16130867483282374,0.036210905687586954,8,0.0435 0.2292 0.1538 0.0943 0.1818 0.0417 0.2000 0.3462
e2e,machine,picked,15,774996.9,0.19549033763080065,0.010680801364592119,8,0.1667 0.2453 0.2182 0.1600 0.1961 0.1875 0.2200 0.1702
e2e,machine,picked,16,824996.7000000001,0.18146335935050753,0.036082138053124914,8,0.1852 0.4074 0.1489 0.0682 0.1395 0.1961 0.2000 0.1064
e2e,machine,picked,17,874996.5,0.15727255717984762,0.033579385896778294,8,0.1702 0.3509 0.1800 0.0930 0.2041 0.0851 0.1304 0.0444
e2e,machine,picked,18,924996.3,0.1817551438381672,0.04592893516155133,8,0.2128 0.4576 0.1224 0.0000 0.1458 0.2157 0.1458 0.1538
e2e,machine,picked,19,974996.1000000001,0.2332100237031477,0.04410414933495779,8,0.1064 0.4265 0.3208 0.1224 0.3137 0.0667 0.2400 0.2692
e2e,machine,picked,20,1024995.9,0.2337164878476179,0.04599002438450762,8,0.2500 0.1837 0.3333 0.0455 0.2885 0.1224 0.4627 0.1837
e2e,machine,picked,21,1074995.7000000002,0.25741724944695726,0.057939110108364555,8,0.1000 0.5854 0.3898 0.0851 0.2727 0.2200 0.2245 0.1818
e2e,machine,picked,22,1124995.5,0.3317094885767102,0.05013840917164413,8,0.2308 0.5714 0.4412 0.1250 0.3269 0.2712 0.2586 0.4286
e2e,machine,picked,23,1174995.3000000003,0.3377943714900237,0.05574487127369616,8,0.1250 0.5595 0.5072 0.1250 0.2857 0.3788 0.3519 0.3692
e2e,machine,picked,24,1224995.1,0.3858791138569464,0.06109914787499866,8,0.1765 0.5870 0.4308 0.1042 0.3871 0.5102 0.3438 0.5476
e2e,machine,picked,25,1274994.9,0.43225150855397576,0.05474313261384456,8,0.3103 0.5789 0.4783 0.1458 0.5000 0.4444 0.6292 0.3710
e2e,machine,picked,26,1324994.7000000002,0.40777158599290775,0.06013210982986458,8,0.2115 0.5443 0.5584 0.1964 0.2667 0.3425 0.5854 0.5570
e2e,machine,picked,27,1374994.5,0.4429896893615151,0.04133270107732498,8,0.2642 0.6327 0.4691 0.3692 0.4923 0.4568 0.5263 0.3333
e2e,machine,picked,28,1424994.3000000003,0.39035821478402427,0.038483404501004154,8,0.2241 0.3968 0.3621 0.3500 0.4219 0.3896 0.6163 0.3621
e2e,machine,picked,29,1474994.1,0.48019702410975645,0.04593794694442106,8,0.1887 0.5000 0.5670 0.5065 0.4127 0.5361 0.5306 0.6000
e2e,machine,picked,30,1524993.9,0.4763631229244198,0.03810254876568561,8,0.3158 0.5833 0.5934 0.4861 0.3226 0.4731 0.5577 0.4789
e2e,machine,picked,31,1574993.7000000002,0.4992245769222886,0.03958816112772506,8,0.3167 0.5128 0.6698 0.5067 0.4167 0.4189 0.5745 0.5778
e2e,machine,picked,32,1624993.5,0.47698338241072014,0.046355511960846606,8,0.3333 0.2778 0.6222 0.4384 0.5000 0.5435 0.6545 0.4462
e2e,machine,picked,33,1674993.3000000003,0.47653263419253455,0.04286640745656987,8,0.3115 0.2881 0.5783 0.4944 0.5673 0.6038 0.5341 0.4348
e2e,machine,picked,34,1724993.1,0.4659915740070219,0.04514730295053931,8,0.3016 0.5132 0.7288 0.4118 0.4247 0.4648 0.5122 0.3710
e2e,machine,picked,35,1774992.9,0.3975576843264564,0.044234320175258364,8,0.3281 0.4697 0.6049 0.3151 0.4557 0.3281 0.4713 0.2075
e2e,machine,picked,36,1824992.7000000002,0.5080395459070504,0.02910216558389794,8,0.4189 0.5641 0.6111 0.3710 0.5233 0.5862 0.5059 0.4839
e2e,machine,picked,37,1874992.5,0.4755634989801657,0.04085828771040681,8,0.2951 0.4810 0.5658 0.5714 0.5529 0.5977 0.3548 0.3857
e2e,machine,picked,38,1924992.3000000003,0.49993808079872903,0.04991135466680727,8,0.4531 0.1837 0.5469 0.6000 0.5217 0.5934 0.6238 0.4769
e2e,machine,picked,39,1974992.1,0.5210396085559658,0.06166277335953032,8,0.5063 0.1400 0.4722 0.5316 0.7083 0.6023 0.6733 0.5342
e2e,machine,contact,0,24999.9,nan,nan,0,nan nan nan nan nan nan nan nan
e2e,machine,contact,1,74999.70000000001,nan,nan,0,nan nan nan nan nan nan nan nan
e2e,machine,contact,2,124999.50000000001,0.0,0.0,8,0.0000 0.0000 0.0000 0.0000 0.0000 0.0000 0.0000 0.0000
e2e,machine,contact,3,174999.30000000002,0.0,0.0,8,0.0000 0.0000 0.0000 0.0000 0.0000 0.0000 0.0000 0.0000
e2e,machine,contact,4,224999.1,0.0,0.0,8,0.0000 0.0000 0.0000 0.0000 0.0000 0.0000 0.0000 0.0000
e2e,machine,contact,5,274998.9,0.0,0.0,8,0.0000 0.0000 0.0000 0.0000 0.0000 0.0000 0.0000 0.0000
e2e,machine,contact,6,324998.70000000007,0.002717391304347826,0.0027173913043478264,8,0.0000 0.0217 0.0000 0.0000 0.0000 0.0000 0.0000 0.0000
e2e,machine,contact,7,374998.5,0.0,0.0,8,0.0000 0.0000 0.0000 0.0000 0.0000 0.0000 0.0000 0.0000
e2e,machine,contact,8,424998.30000000005,0.0,0.0,8,0.0000 0.0000 0.0000 0.0000 0.0000 0.0000 0.0000 0.0000
e2e,machine,contact,9,474998.1,0.00510204081632653,0.00510204081632653,8,0.0000 0.0000 0.0000 0.0000 0.0000 0.0408 0.0000 0.0000
e2e,machine,contact,10,524997.9,0.005319148936170213,0.005319148936170212,8,0.0000 0.0000 0.0000 0.0000 0.0000 0.0000 0.0000 0.0426
e2e,machine,contact,11,574997.7000000001,0.007750420065110092,0.0037995971121094624,8,0.0000 0.0000 0.0227 0.0000 0.0000 0.0000 0.0204 0.0189
e2e,machine,contact,12,624997.5,0.007413766788766789,0.0036420551810353594,8,0.0000 0.0192 0.0000 0.0000 0.0222 0.0000 0.0000 0.0179
e2e,machine,contact,13,674997.3,0.00900974025974026,0.0058985786685143374,8,0.0000 0.0000 0.0364 0.0000 0.0000 0.0000 0.0000 0.0357
e2e,machine,contact,14,724997.1000000001,0.032976206183753354,0.011459633795930707,8,0.0000 0.0833 0.0769 0.0189 0.0455 0.0000 0.0200 0.0192
e2e,machine,contact,15,774996.9,0.0218225882537404,0.0067087255101005465,8,0.0185 0.0566 0.0182 0.0400 0.0000 0.0000 0.0200 0.0213
e2e,machine,contact,16,824996.7000000001,0.0462701822240999,0.025461283783373673,8,0.0185 0.2222 0.0426 0.0227 0.0233 0.0196 0.0000 0.0213
e2e,machine,contact,17,874996.5,0.06770870875114215,0.029398433744834036,8,0.0000 0.2281 0.1600 0.0698 0.0408 0.0213 0.0217 0.0000
e2e,machine,contact,18,924996.3,0.058075356328417246,0.02553364184814554,8,0.0213 0.2203 0.1020 0.0000 0.0417 0.0392 0.0208 0.0192
e2e,machine,contact,19,974996.1000000001,0.10531390495240187,0.0325291981694282,8,0.0000 0.2353 0.1887 0.0204 0.1961 0.0667 0.0200 0.1154
e2e,machine,contact,20,1024995.9,0.11427700320290937,0.02783056464473181,8,0.0769 0.1429 0.2576 0.0000 0.1731 0.0816 0.0597 0.1224
e2e,machine,contact,21,1074995.7000000002,0.16616836619649178,0.053124736968054996,8,0.0600 0.4512 0.3051 0.0000 0.2182 0.1200 0.0612 0.1136
e2e,machine,contact,22,1124995.5,0.2341397166953902,0.04805382436144905,8,0.0962 0.3896 0.3824 0.0417 0.2500 0.1695 0.1724 0.3714
e2e,machine,contact,23,1174995.3000000003,0.24389699722580158,0.04517577763156723,8,0.0625 0.4286 0.3478 0.0833 0.2143 0.2879 0.2037 0.3231
e2e,machine,contact,24,1224995.1,0.32767952181681825,0.06545170851477311,8,0.0980 0.5326 0.3692 0.0417 0.2742 0.4694 0.3125 0.5238
e2e,machine,contact,25,1274994.9,0.35341388715391303,0.056460342252518496,8,0.2241 0.5053 0.3623 0.0417 0.4405 0.4028 0.5281 0.3226
e2e,machine,contact,26,1324994.7000000002,0.3442306574297174,0.058896709394301666,8,0.1346 0.4937 0.4416 0.1607 0.2333 0.2466 0.5244 0.5190
e2e,machine,contact,27,1374994.5,0.35013367950693575,0.05427232778559348,8,0.1321 0.5408 0.4321 0.1231 0.4000 0.3704 0.4868 0.3158
e2e,machine,contact,28,1424994.3000000003,0.3175830439121713,0.03917771438062433,8,0.1897 0.3651 0.3103 0.1667 0.3594 0.2987 0.5233 0.3276
e2e,machine,contact,29,1474994.1,0.37107146245411454,0.040752147692723104,8,0.1698 0.4571 0.4330 0.2208 0.3492 0.4536 0.4184 0.4667
e2e,machine,contact,30,1524993.9,0.3845829090238031,0.04095875978981613,8,0.2632 0.5000 0.4835 0.1944 0.3226 0.3763 0.5000 0.4366
e2e,machine,contact,31,1574993.7000000002,0.4391407740190859,0.03925221016919926,8,0.2833 0.4359 0.6226 0.3867 0.4028 0.3378 0.5106 0.5333
e2e,machine,contact,32,1624993.5,0.3833246926606068,0.049408142784276,8,0.2500 0.1852 0.4778 0.3014 0.3378 0.5326 0.5818 0.4000
e2e,machine,contact,33,1674993.3000000003,0.41474078588245333,0.04065126339091571,8,0.2787 0.2712 0.5422 0.3034 0.4519 0.5472 0.4886 0.4348
e2e,machine,contact,34,1724993.1,0.41605124067801064,0.05031497412983084,8,0.2540 0.4737 0.7034 0.3088 0.3699 0.4366 0.4756 0.3065
e2e,machine,contact,35,1774992.9,0.3201952864254971,0.035100813400843735,8,0.2656 0.3333 0.4815 0.2466 0.4051 0.2500 0.3908 0.1887
e2e,machine,contact,36,1824992.7000000002,0.4539083792787558,0.03766391081586204,8,0.3514 0.5256 0.5889 0.2581 0.4884 0.5172 0.4824 0.4194
e2e,machine,contact,37,1874992.5,0.4051268760219778,0.033533463981563635,8,0.2787 0.4684 0.5132 0.3187 0.4118 0.5402 0.3387 0.3714
e2e,machine,contact,38,1924992.3000000003,0.4261198845935716,0.047085139108403236,8,0.3750 0.1429 0.5000 0.4111 0.4783 0.5275 0.5743 0.4000
e2e,machine,contact,39,1974992.1,0.44541094888381677,0.061360998770174646,8,0.4557 0.1200 0.4167 0.3165 0.6597 0.5227 0.6337 0.4384
e2e,machine,nested_proxy,0,24999.9,nan,nan,0,nan nan nan nan nan nan nan nan
e2e,machine,nested_proxy,1,74999.70000000001,nan,nan,0,nan nan nan nan nan nan nan nan
e2e,machine,nested_proxy,2,124999.50000000001,0.0,0.0,8,0.0000 0.0000 0.0000 0.0000 0.0000 0.0000 0.0000 0.0000
e2e,machine,nested_proxy,3,174999.30000000002,0.0,0.0,8,0.0000 0.0000 0.0000 0.0000 0.0000 0.0000 0.0000 0.0000
e2e,machine,nested_proxy,4,224999.1,0.0,0.0,8,0.0000 0.0000 0.0000 0.0000 0.0000 0.0000 0.0000 0.0000
e2e,machine,nested_proxy,5,274998.9,0.0,0.0,8,0.0000 0.0000 0.0000 0.0000 0.0000 0.0000 0.0000 0.0000
e2e,machine,nested_proxy,6,324998.70000000007,0.0,0.0,8,0.0000 0.0000 0.0000 0.0000 0.0000 0.0000 0.0000 0.0000
e2e,machine,nested_proxy,7,374998.5,0.0,0.0,8,0.0000 0.0000 0.0000 0.0000 0.0000 0.0000 0.0000 0.0000
e2e,machine,nested_proxy,8,424998.30000000005,0.0,0.0,8,0.0000 0.0000 0.0000 0.0000 0.0000 0.0000 0.0000 0.0000
e2e,machine,nested_proxy,9,474998.1,0.0,0.0,8,0.0000 0.0000 0.0000 0.0000 0.0000 0.0000 0.0000 0.0000
e2e,machine,nested_proxy,10,524997.9,0.0,0.0,8,0.0000 0.0000 0.0000 0.0000 0.0000 0.0000 0.0000 0.0000
e2e,machine,nested_proxy,11,574997.7000000001,0.0,0.0,8,0.0000 0.0000 0.0000 0.0000 0.0000 0.0000 0.0000 0.0000
e2e,machine,nested_proxy,12,624997.5,0.002777777777777778,0.002777777777777778,8,0.0000 0.0000 0.0000 0.0000 0.0222 0.0000 0.0000 0.0000
e2e,machine,nested_proxy,13,674997.3,0.004545454545454545,0.0045454545454545435,8,0.0000 0.0000 0.0364 0.0000 0.0000 0.0000 0.0000 0.0000
e2e,machine,nested_proxy,14,724997.1000000001,0.007612179487179487,0.0054155387938616085,8,0.0000 0.0417 0.0000 0.0000 0.0000 0.0000 0.0000 0.0192
e2e,machine,nested_proxy,15,774996.9,0.007031795946890286,0.004948593952964741,8,0.0185 0.0377 0.0000 0.0000 0.0000 0.0000 0.0000 0.0000
e2e,machine,nested_proxy,16,824996.7000000001,0.00747053872053872,0.0050740928955369195,8,0.0000 0.0370 0.0000 0.0227 0.0000 0.0000 0.0000 0.0000
e2e,machine,nested_proxy,17,874996.5,0.01619091926080503,0.006802635934774611,8,0.0000 0.0000 0.0400 0.0465 0.0000 0.0213 0.0217 0.0000
e2e,machine,nested_proxy,18,924996.3,0.017920197740112994,0.012421786339046791,8,0.0000 0.1017 0.0000 0.0000 0.0208 0.0000 0.0208 0.0000
e2e,machine,nested_proxy,19,974996.1000000001,0.0527004657692782,0.019743720682787277,8,0.0000 0.1471 0.1132 0.0000 0.0784 0.0444 0.0000 0.0385
e2e,machine,nested_proxy,20,1024995.9,0.03596401377584746,0.017397960801526374,8,0.0192 0.0204 0.1515 0.0000 0.0000 0.0408 0.0149 0.0408
e2e,machine,nested_proxy,21,1074995.7000000002,0.07268979308059802,0.019396683054680917,8,0.0600 0.1463 0.1525 0.0000 0.0364 0.1000 0.0408 0.0455
e2e,machine,nested_proxy,22,1124995.5,0.1284732581854148,0.04169886297698997,8,0.0192 0.2597 0.2500 0.0000 0.0769 0.1017 0.0345 0.2857
e2e,machine,nested_proxy,23,1174995.3000000003,0.14940463371169893,0.034436062080799926,8,0.0625 0.2857 0.2174 0.0417 0.0893 0.1970 0.0556 0.2462
e2e,machine,nested_proxy,24,1224995.1,0.2433473444838341,0.05590422868231928,8,0.0588 0.4130 0.2769 0.0208 0.1452 0.3571 0.2344 0.4405
e2e,machine,nested_proxy,25,1274994.9,0.26286325458306947,0.04430607582445157,8,0.1379 0.3789 0.2609 0.0417 0.3333 0.3472 0.3933 0.2097
e2e,machine,nested_proxy,26,1324994.7000000002,0.23154926632518866,0.03290760272545253,8,0.0962 0.2532 0.3506 0.1429 0.1833 0.1918 0.2927 0.3418
e2e,machine,nested_proxy,27,1374994.5,0.22743044254399292,0.032910887551579254,8,0.0943 0.3469 0.2099 0.1231 0.2462 0.3210 0.3026 0.1754
e2e,machine,nested_proxy,28,1424994.3000000003,0.21738515149200796,0.021145893873122674,8,0.1379 0.2222 0.2931 0.1333 0.2500 0.2338 0.2791 0.1897
e2e,machine,nested_proxy,29,1474994.1,0.25905190189931904,0.02875361323757007,8,0.1509 0.2000 0.3505 0.1429 0.3016 0.3093 0.3061 0.3111
e2e,machine,nested_proxy,30,1524993.9,0.27201441776119256,0.02960118329039486,8,0.2105 0.2381 0.3736 0.1667 0.2581 0.2903 0.4135 0.2254
e2e,machine,nested_proxy,31,1574993.7000000002,0.3401751298321451,0.036204170640141226,8,0.2167 0.2692 0.5189 0.3067 0.3750 0.2432 0.4362 0.3556
e2e,machine,nested_proxy,32,1624993.5,0.27339705642638934,0.03875453797276461,8,0.1667 0.1481 0.3222 0.2329 0.2432 0.3370 0.4909 0.2462
e2e,machine,nested_proxy,33,1674993.3000000003,0.31822768892692854,0.04090109986239156,8,0.1967 0.1864 0.4217 0.2247 0.3173 0.5000 0.4091 0.2899
e2e,machine,nested_proxy,34,1724993.1,0.2683360871586593,0.03820714381623773,8,0.2063 0.3421 0.3898 0.2353 0.2603 0.1408 0.4268 0.1452
e2e,machine,nested_proxy,35,1774992.9,0.226530607356006,0.036240718989855286,8,0.1406 0.1818 0.3704 0.2055 0.3038 0.1406 0.3563 0.1132
e2e,machine,nested_proxy,36,1824992.7000000002,0.3311750139377622,0.028998572027227016,8,0.2703 0.3205 0.4889 0.2097 0.3605 0.3563 0.3529 0.2903
e2e,machine,nested_proxy,37,1874992.5,0.27089811244897866,0.03603127005547207,8,0.2459 0.1392 0.3289 0.1648 0.3294 0.4598 0.2419 0.2571
e2e,machine,nested_proxy,38,1924992.3000000003,0.30217210216847484,0.046419024669988984,8,0.2344 0.1020 0.2500 0.2889 0.4239 0.3626 0.5248 0.2308
e2e,machine,nested_proxy,39,1974992.1,0.3187837428673074,0.059195943635575,8,0.2658 0.0800 0.2778 0.2405 0.5486 0.3068 0.5842 0.2466
