step,picked,placed_v2,farside,slide_event,home,nested_v2,tipped
7200,0,0,0,0,0,0,0
7201,0,0,0,0,0,0,0
7202,0,0,0,0,0,0,0
7203,0,0,0,0,0,0,0
7204,0,0,0,0,0,0,0
7205,0,0,0,0,0,0,0
14400,0,0,0,0,0,0,0
14401,0,0,0,0,0,0,0
14402,0,0,0,0,0,0,0
14403,0,0,0,0,0,0,0
14404,0,0,0,0,0,0,0
14405,0,0,0,0,0,0,0
21600,0,0,0,0,0,0,0
21601,0,0,0,0,0,0,0
21602,0,0,0,0,0,0,0
21603,0,0,0,0,0,0,0
21604,0,0,0,0,0,0,0
21605,0,0,0,0,0,0,0
28800,0,0,0,0,0,0,0
28801,0,0,0,0,0,0,0
28802,0,0,0,0,0,0,0
28803,0,0,0,0,0,0,0
28804,0,0,0,0,0,0,0
28805,0,0,0,0,0,0,0
28827,0,0,0,0,0,0,1
28965,0,0,0,0,0,0,1
35992,0,0,0,0,0,0,0
35994,0,0,0,0,0,0,0
35996,0,0,0,0,0,0,0
35997,0,0,0,0,0,0,0
36024,0,0,0,0,0,0,1
36027,0,0,0,0,0,0,0
36161,0,0,0,0,0,0,0
43190,0,0,0,0,0,0,0
43192,0,0,0,0,0,0,0
43193,0,0,0,0,0,0,0
43224,0,0,0,0,0,0,0
43227,0,0,0,0,0,0,0
43228,0,0,0,0,0,0,1
43263,0,0,0,0,0,0,1
43353,0,0,0,0,0,0,0
50382,0,0,0,0,0,0,0
50385,0,0,0,0,0,0,0
50420,0,0,0,0,0,0,0
50424,0,0,0,0,0,0,0
50463,0,0,0,0,0,0,0
50553,0,0,0,0,0,0,0
57582,0,0,0,0,0,0,0
57585,0,0,0,0,0,0,0
57620,0,0,0,0,0,0,0
57624,0,0,0,0,0,0,0
57663,0,0,0,0,0,0,0
57753,0,0,0,0,0,0,0
59190,0,0,0,0,0,0,1
59523,0,0,0,0,0,0,1
64777,0,0,0,0,0,0,0
64816,0,0,0,0,0,0,0
64820,0,0,0,0,0,0,0
64953,0,0,0,0,0,0,0
66390,0,0,0,0,0,0,0
66723,0,0,0,0,0,0,0
68517,0,0,0,0,0,0,1
71973,0,0,0,0,0,0,0
72012,0,0,0,0,0,0,0
72016,0,0,0,0,0,0,0
73590,0,0,0,0,0,0,0
73923,0,0,0,0,0,0,0
75717,0,0,0,0,0,0,0
79173,0,0,0,0,0,0,0
79212,0,0,0,0,0,0,0
79216,0,0,0,0,0,0,0
80790,0,0,0,0,0,0,0
81123,0,0,0,0,0,0,0
82917,0,0,0,0,0,0,0
86373,0,0,0,0,0,0,0
86412,0,0,0,0,0,0,0
86416,0,0,0,0,0,0,0
87990,0,0,0,0,0,0,0
88323,0,0,0,0,0,0,0
90117,0,0,0,0,0,0,0
93573,0,0,0,0,0,0,0
93612,0,0,0,0,0,0,0
93616,0,0,0,0,0,0,0
95190,0,0,0,0,0,0,0
95523,0,0,0,0,0,0,0
97317,0,0,0,0,0,0,0
97361,0,0,0,0,0,0,1
100769,0,0,0,0,0,0,0
100808,0,0,0,0,0,0,0
100812,0,0,0,0,0,0,0
102386,0,0,0,0,0,0,0
102719,0,0,0,0,0,0,0
104561,0,0,0,0,0,0,0
105037,0,0,0,0,0,0,1
107965,0,0,0,0,0,0,0
108004,0,0,0,0,0,0,0
108008,0,0,0,0,0,0,0
109582,0,0,0,0,0,0,0
109915,0,0,0,0,0,0,0
110078,0,0,0,0,0,0,1
112233,0,0,0,0,0,0,0
115161,0,0,0,0,0,0,0
115200,0,0,0,0,0,0,0
115204,0,0,0,0,0,0,0
117115,0,0,0,0,0,0,0
117278,0,0,0,0,0,0,0
119433,0,0,0,0,0,0,0
122361,0,0,0,0,0,0,0
122400,0,0,0,0,0,0,0
122404,0,0,0,0,0,0,0
124315,0,0,0,0,0,0,0
124359,0,0,0,0,0,0,1
124474,0,0,0,0,0,0,0
126629,0,0,0,0,0,0,0
129557,1,0,0,0,0,0,0
129596,0,0,0,0,0,0,0
129600,0,0,0,0,0,0,0
131559,0,0,0,0,0,0,0
131674,0,0,0,0,0,0,0
132222,0,0,0,0,0,0,1
132339,0,0,0,0,0,0,1
133821,0,0,0,0,0,0,0
136749,0,0,0,0,0,0,0
136788,0,0,0,0,0,0,0
136792,0,0,0,0,0,0,0
139422,0,0,0,0,0,0,0
139539,0,0,0,0,0,0,0
141021,0,0,0,0,0,0,0
143949,0,0,0,0,0,0,0
143988,0,0,0,0,0,0,0
143992,0,0,0,0,0,0,0
146622,0,0,0,0,0,0,0
146739,0,0,0,0,0,0,0
148221,0,0,0,0,0,0,0
151149,0,0,0,0,0,0,0
151188,0,0,0,0,0,0,0
151192,0,0,0,0,0,0,0
151833,0,0,0,0,0,0,1
152284,0,0,0,0,0,0,1
153814,0,0,0,0,0,0,0
153931,0,0,0,0,0,0,0
154073,1,0,0,0,0,0,1
155409,0,0,0,0,0,0,0
158380,0,0,0,0,0,0,0
159484,0,0,0,0,0,0,0
161014,0,0,0,0,0,0,0
161131,0,0,0,0,0,0,0
161273,0,0,0,0,0,0,0
162609,0,0,0,0,0,0,0
165318,1,0,0,0,0,0,1
165362,0,0,0,0,0,0,1
165572,0,0,0,0,0,0,0
166676,0,0,0,0,0,0,0
168327,0,0,0,0,0,0,0
168371,0,0,0,0,0,0,1
168465,0,0,0,0,0,0,0
169156,1,0,0,0,0,0,1
169797,0,0,0,0,0,0,0
172554,0,0,0,0,0,0,0
172764,0,0,0,0,0,0,0
175571,0,0,0,0,0,0,0
175665,0,0,0,0,0,0,0
176187,0,0,0,0,0,0,1
176352,0,0,0,0,0,0,0
176923,1,0,0,0,0,0,1
176989,0,0,0,0,0,0,0
177587,1,0,0,0,0,0,1
178349,1,0,0,0,0,0,1
179281,1,0,0,0,0,0,1
179734,0,0,0,0,0,0,0
179944,0,0,0,0,0,0,0
180229,1,0,0,0,0,0,1
180273,0,0,0,0,0,0,1
182841,0,0,0,0,0,0,0
183532,0,0,0,0,0,0,0
184775,0,0,0,0,0,0,0
185108,1,1,1,0,0,0,1
186087,1,0,0,0,0,0,1
186922,0,0,0,0,0,0,0
187132,0,0,0,0,0,0,0
187465,1,0,0,0,0,0,0
188422,1,0,0,0,0,0,1
190029,0,0,0,0,0,0,0
190262,1,0,0,0,0,0,1
192229,1,0,0,0,0,0,1
192296,0,0,0,0,0,0,0
193275,1,0,0,0,0,0,0
194324,0,0,0,0,0,0,0
194657,0,0,0,0,0,0,0
195736,1,1,1,0,0,0,1
197458,1,0,0,0,0,0,0
199425,0,0,0,0,0,0,0
200475,0,0,0,0,0,0,0
201524,0,0,0,0,0,0,0
201857,0,0,0,0,0,0,0
202936,0,0,0,0,0,0,0
204658,1,1,1,0,0,0,0
205592,1,1,1,0,0,0,1
206621,0,0,0,0,0,0,0
207671,1,1,1,0,0,0,0
208720,0,0,0,0,0,0,0
209053,0,0,0,0,0,0,0
209195,1,0,0,0,0,0,1
209889,0,0,0,0,0,0,1
210168,1,0,0,0,0,0,1
210501,1,0,0,0,0,0,1
210739,1,0,0,0,0,0,1
211838,1,0,0,0,0,0,0
212101,1,0,0,0,0,0,1
212215,1,0,0,0,0,0,1
212764,0,0,0,0,0,0,0
212925,0,0,0,0,0,0,1
214771,1,0,0,0,0,0,1
215104,1,1,1,0,0,0,1
216876,1,0,0,0,0,0,1
217348,1,1,1,0,0,1,0
218620,1,0,0,0,0,0,1
219022,1,1,1,0,0,1,0
219285,0,0,0,0,0,0,0
220117,1,1,1,0,0,1,0
220161,0,0,0,0,0,0,1
221959,0,0,0,0,0,0,0
224544,0,0,0,0,0,0,0
225816,0,0,0,0,0,0,0
226218,0,0,0,0,0,0,0
226481,0,0,0,0,0,0,0
227361,0,0,0,0,0,0,0
229159,0,0,0,0,0,0,0
231744,0,0,0,0,0,0,0
233016,0,0,0,0,0,0,0
233418,0,0,0,0,0,0,0
233681,0,0,0,0,0,0,0
234561,1,0,0,0,0,0,0
236359,0,0,0,0,0,0,0
237432,1,1,1,1,1,1,0
239036,1,0,0,0,0,0,1
240212,0,0,0,0,0,0,0
240614,0,0,0,0,0,0,0
240877,0,0,0,0,0,0,0
241757,0,0,0,0,0,0,0
241829,0,0,0,0,0,0,1
242924,1,1,1,1,1,1,0
243547,1,1,1,0,0,0,0
247408,0,0,0,0,0,0,0
247810,1,1,1,1,0,0,0
248957,1,1,0,0,0,0,0
249029,1,1,1,0,0,0,0
250124,0,0,0,0,0,0,0
250747,1,1,1,0,0,0,0
252878,1,1,1,1,1,1,0
253161,1,1,1,0,0,0,1
254600,0,0,0,0,0,0,0
256229,1,1,0,0,0,1,0
256341,0,0,0,0,0,0,1
257320,0,0,0,0,0,0,0
257943,0,0,0,0,0,0,0
260074,0,0,0,0,0,0,0
261800,0,0,0,0,0,0,0
263429,0,0,0,0,0,0,0
263541,0,0,0,0,0,0,0
264520,0,0,0,0,0,0,0
265143,0,0,0,0,0,0,0
267274,0,0,0,0,0,0,0
269000,0,0,0,0,0,0,0
270629,0,0,0,0,0,0,0
270741,0,0,0,0,0,0,0
271720,0,0,0,0,0,0,0
272343,0,0,0,0,0,0,0
274474,0,0,0,0,0,0,0
276200,0,0,0,0,0,0,0
277829,0,0,0,0,0,0,0
277941,0,0,0,0,0,0,0
278920,0,0,0,0,0,0,0
279376,1,0,0,0,0,0,1
279539,0,0,0,0,0,0,0
281670,0,0,0,0,0,0,0
282722,1,0,0,0,0,0,1
283896,1,1,1,0,0,0,1
283941,1,1,1,0,0,0,1
285133,0,0,0,0,0,0,0
285181,1,0,0,0,0,0,1
286108,1,1,1,0,0,0,0
286731,0,0,0,0,0,0,0
289918,0,0,0,0,0,0,0
290512,1,1,1,1,1,1,0
291088,0,0,0,0,0,0,0
292329,1,1,1,1,0,0,0
292377,0,0,0,0,0,0,0
293931,1,1,1,0,0,0,0
293975,0,0,0,0,0,0,1
295243,1,0,0,0,0,0,1
297110,1,1,1,0,0,0,0
297704,0,0,0,0,0,0,0
298280,0,0,0,0,0,0,0
299521,0,0,0,0,0,0,0
299569,0,0,0,0,0,0,0
300616,1,0,0,0,0,0,1
301381,1,0,0,0,0,0,1
301808,1,0,0,0,0,0,1
302431,0,0,0,0,0,0,0
302500,0,0,0,0,0,0,1
303022,0,0,0,0,0,0,1
303452,0,0,0,0,0,0,1
303660,1,1,1,0,0,0,1
303663,1,0,0,0,0,0,1
303700,0,0,0,0,0,0,1
304800,1,0,0,0,0,0,1
305038,1,1,1,0,0,0,1
306741,0,0,0,0,0,0,0
307190,1,1,1,0,0,0,1
307232,1,1,1,0,0,0,1
308549,1,1,1,0,0,0,0
310636,1,0,0,0,0,0,0
310847,1,1,1,0,0,0,0
311156,0,0,0,0,0,0,1
313190,1,1,1,0,0,0,1
313933,1,1,1,0,0,0,0
314428,1,1,1,0,0,1,0
315745,1,1,1,0,0,0,0
316413,0,0,0,0,0,0,1
318043,0,0,0,0,0,0,0
318352,1,1,0,0,0,0,0
319548,1,0,0,0,0,0,1
320382,0,0,0,0,0,0,0
321125,0,0,0,0,0,0,0
321620,1,1,1,0,0,1,0
323609,0,0,0,0,0,0,0
325239,0,0,0,0,0,0,0
326748,0,0,0,0,0,0,0
327582,1,1,1,0,0,1,0
328325,0,0,0,0,0,0,0
328750,1,0,0,0,0,0,1
328816,1,1,0,0,0,0,0
330805,0,0,0,0,0,0,0
330806,1,0,0,0,0,0,1
332285,0,0,0,0,0,0,1
332427,1,1,1,0,0,0,0
333936,1,1,1,0,0,0,0
334099,1,0,0,0,0,0,1
335513,1,1,1,0,0,1,0
336008,1,1,0,0,0,1,0
336800,0,0,0,0,0,0,1
337994,1,1,1,0,0,1,0
338036,1,1,1,1,1,1,0
339473,0,0,0,0,0,0,0
341295,1,1,0,0,0,0,0
342011,0,0,0,0,0,0,1
342705,0,0,0,0,0,0,0
343561,1,1,1,0,0,0,1
343871,1,1,1,1,1,1,0
343988,0,0,0,0,0,0,0
345182,0,0,0,0,0,0,0
345224,0,0,0,0,0,0,0
346253,1,1,1,0,0,0,1
346945,0,0,0,0,0,0,1
347374,1,1,1,0,0,0,1
349893,0,0,0,0,0,0,0
351063,0,0,0,0,0,0,0
351180,0,0,0,0,0,0,0
352420,0,0,0,0,0,0,0
352731,1,1,1,1,1,1,0
353088,1,1,1,1,1,1,0
354137,0,0,0,0,0,0,0
354566,1,1,1,0,0,0,0
354660,1,1,1,1,1,1,0
354676,0,0,0,0,0,0,1
357077,1,1,1,0,0,1,0
357285,1,1,1,1,1,1,0
357404,1,1,1,1,1,1,0
359341,1,1,1,1,1,1,0
359915,1,1,1,0,0,1,0
360657,1,0,0,0,0,0,1
361705,1,1,1,1,1,1,0
361750,1,1,1,0,0,0,0
361864,1,1,1,0,0,1,0
361983,1,0,0,0,0,0,1
362773,1,1,1,1,1,1,0
364014,1,1,1,1,1,1,0
364248,1,1,1,1,1,1,0
364584,1,1,0,0,0,0,0
365203,1,1,1,1,1,1,0
365249,1,1,1,1,1,1,0
366826,0,0,0,0,0,0,1
367065,1,1,1,1,1,1,0
367709,0,0,0,0,0,0,1
368257,0,0,0,0,0,0,1
368873,1,1,0,0,0,0,0
370765,1,1,1,1,1,1,0
371432,1,1,1,0,0,1,0
371768,1,1,1,0,0,0,0
372387,1,1,1,0,0,0,0
372696,0,0,0,0,0,0,1
373171,1,0,0,0,0,0,1
373236,1,0,0,0,0,0,1
373907,1,0,0,0,0,0,1
373998,1,1,1,0,0,1,0
374064,1,0,0,0,0,0,1
374351,0,0,0,0,0,0,1
375429,1,1,1,0,0,0,0
375756,1,1,1,1,0,0,1
375947,1,1,1,1,1,1,0
377692,1,1,1,1,1,1,0
377715,1,1,1,1,1,1,0
377925,0,0,0,0,0,0,0
379505,1,1,1,1,1,1,0
379864,1,1,1,0,0,0,0
380194,1,1,1,1,1,1,0
381557,1,1,1,1,1,1,0
382082,1,1,1,1,1,1,0
382484,1,1,1,1,1,1,0
382605,0,0,0,0,0,0,0
383653,1,1,1,1,1,1,0
384392,1,1,1,1,1,1,0
384895,0,0,0,0,0,0,0
386328,1,0,0,0,0,0,1
387048,0,0,0,0,0,0,0
387547,1,1,1,0,0,0,1
387876,1,1,1,1,1,1,0
389266,1,1,1,0,0,0,0
389793,1,1,1,0,0,1,0
390841,1,1,1,0,0,0,0
392037,1,0,0,0,0,0,1
394244,1,1,1,0,0,0,0
394743,1,1,1,0,0,1,0
395072,1,1,1,0,0,1,0
396462,1,1,1,0,0,1,0
396989,1,1,1,0,0,1,0
399237,0,0,0,0,0,0,0
401444,0,0,0,0,0,0,0
401943,0,0,0,0,0,0,0
401987,0,0,0,0,0,0,1
402053,0,0,0,0,0,0,1
402264,0,0,0,0,0,0,0
403654,0,0,0,0,0,0,0
404181,0,0,0,0,0,0,0
405086,1,1,1,1,1,1,0
406186,1,0,0,0,0,0,1
408632,1,1,1,0,0,0,0
409179,0,0,0,0,0,0,0
409245,1,0,0,0,0,0,0
409456,0,0,0,0,0,0,0
410032,1,1,1,0,0,0,1
410241,1,0,0,0,0,0,1
410428,1,0,0,0,0,0,1
411241,1,0,0,0,0,0,1
411361,0,0,0,0,0,0,0
411472,1,0,0,0,0,0,1
412505,1,1,1,0,0,0,1
413362,0,0,0,0,0,0,0
416359,0,0,0,0,0,0,0
417220,0,0,0,0,0,0,0
418437,0,0,0,0,0,0,0
418672,0,0,0,0,0,0,0
418716,0,0,0,0,0,0,1
419601,1,0,0,0,0,0,1
419697,0,0,0,0,0,0,0
420554,0,0,0,0,0,0,0
420913,1,1,1,0,0,0,1
421674,1,1,1,0,0,0,1
422846,1,1,1,0,0,0,1
423539,1,1,1,0,0,0,0
424328,0,0,0,0,0,0,1
425904,0,0,0,0,0,0,0
425999,0,0,0,0,0,0,1
426785,1,1,1,0,0,1,0
427284,1,1,1,1,1,1,0
427403,1,1,1,1,1,1,0
428069,1,1,1,1,1,1,0
428093,1,1,1,0,0,1,0
428879,1,1,1,1,1,1,0
429497,1,1,1,1,1,1,0
429881,1,0,0,0,0,0,1
429948,1,0,0,0,0,0,1
430014,1,1,1,0,0,0,0
430539,1,1,1,1,1,1,0
431353,1,1,1,1,1,1,0
431946,1,0,0,0,0,0,1
431989,1,0,0,0,0,0,1
433090,1,0,0,0,0,0,1
433257,1,1,1,1,1,1,0
433324,1,1,1,1,1,1,0
434014,1,0,0,0,0,0,1
434440,1,1,0,0,0,1,0
434966,1,0,0,0,0,0,1
435397,1,1,1,1,1,1,0
437719,1,1,1,0,0,1,0
438771,1,0,0,0,0,0,1
439173,1,1,1,1,0,0,0
440061,1,1,1,1,1,1,0
440512,1,1,1,1,0,0,0
440673,1,1,1,1,1,1,0
441007,1,1,1,1,1,1,0
441530,1,1,1,1,1,1,0
441600,1,0,0,0,0,0,1
441616,1,1,1,0,0,0,0
443680,1,1,1,1,1,1,0
444274,1,1,1,1,1,1,0
444655,1,1,1,1,1,1,0
446956,1,1,1,1,1,1,0
447000,0,0,0,0,0,0,1
447237,1,1,1,0,0,0,0
447853,1,1,0,0,0,0,0
448808,1,1,1,0,0,0,0
450609,1,1,1,1,1,1,0
450793,1,1,1,1,1,1,0
450796,1,1,1,1,1,1,0
450952,1,1,1,1,1,1,0
451454,1,1,1,1,0,0,0
451835,1,1,1,0,0,1,0
453176,1,1,1,1,1,1,0
453530,1,1,1,1,1,1,0
456214,1,1,1,1,1,1,0
457602,1,1,1,1,1,1,0
457793,1,1,1,0,0,0,0
457977,1,1,1,0,0,0,0
458140,1,1,1,1,0,0,0
459027,1,1,1,0,0,0,0
459097,1,1,1,1,1,1,0
460364,1,1,1,0,0,0,0
460649,1,1,1,1,1,1,0
461773,1,1,1,1,1,1,0
462873,1,0,0,0,0,0,1
463781,1,0,0,0,0,0,1
464782,0,0,0,0,0,0,0
465161,0,0,0,0,0,0,0
465324,1,1,0,0,0,1,0
466161,1,0,0,0,0,0,1
466207,1,1,1,0,0,0,0
466584,1,0,0,0,0,0,1
466823,1,0,0,0,0,0,1
467540,0,0,0,0,0,0,0
468039,1,1,1,1,1,1,0
468132,1,0,0,0,0,0,1
468940,1,1,1,1,1,1,0
469300,1,1,1,1,1,1,0
470953,0,0,0,0,0,0,0
471954,1,0,0,0,0,0,0
473341,1,0,0,0,0,0,0
475235,0,0,0,0,0,0,0
476140,0,0,0,0,0,0,0
476500,0,0,0,0,0,0,0
478153,0,0,0,0,0,0,0
479154,0,0,0,0,0,0,0
480541,0,0,0,0,0,0,0
481857,1,0,0,0,0,0,1
482431,0,0,0,0,0,0,0
482475,0,0,0,0,0,0,1
483215,1,0,0,0,0,0,1
483328,0,0,0,0,0,0,0
483688,0,0,0,0,0,0,0
483992,1,0,0,0,0,0,1
484735,1,1,1,1,1,1,0
485092,1,1,1,1,1,1,0
485329,0,0,0,0,0,0,0
485707,1,0,0,0,0,0,1
486326,0,0,0,0,0,0,0
486328,1,0,0,0,0,0,1
486463,1,0,0,0,0,0,1
487108,1,0,0,0,0,0,1
487294,1,1,1,1,0,0,1
487939,1,1,1,1,1,1,0
488366,1,0,0,0,0,0,1
488962,1,0,0,0,0,0,1
489005,1,1,1,0,0,0,0
489027,1,1,1,1,1,1,0
490198,1,0,0,0,0,0,1
490553,1,1,1,1,1,1,0
491148,0,0,0,0,0,0,0
491265,1,0,0,0,0,0,1
492489,0,0,0,0,0,0,0
494284,0,0,0,0,0,0,0
494712,0,0,0,0,0,0,1
496219,1,1,1,0,0,1,0
497390,0,0,0,0,0,0,0
497842,0,0,0,0,0,0,1
498340,1,1,1,0,0,0,0
498457,0,0,0,0,0,0,0
499681,1,1,1,0,0,0,0
500728,1,1,1,1,1,1,0
501904,1,1,1,0,0,0,0
503411,1,1,1,0,0,0,0
503600,1,1,1,1,1,1,0
504987,1,1,1,1,1,1,0
505030,1,1,1,0,0,0,0
505649,1,1,0,0,0,0,0
506004,1,1,1,1,1,1,0
506578,1,1,1,1,1,1,0
506865,1,1,1,1,0,0,0
506979,1,1,1,1,1,1,0
506997,1,1,1,1,1,1,0
508533,1,1,1,1,1,1,0
509580,1,1,1,0,0,0,1
510780,1,1,1,0,0,0,0
511565,1,1,1,1,0,0,1
513770,1,1,1,1,0,0,0
514175,1,1,1,1,0,0,0
515733,0,0,0,0,0,0,0
516780,0,0,0,0,0,0,0
517980,0,0,0,0,0,0,0
518765,0,0,0,0,0,0,0
520970,0,0,0,0,0,0,0
521375,0,0,0,0,0,0,0
522933,0,0,0,0,0,0,0
523980,0,0,0,0,0,0,0
525180,0,0,0,0,0,0,0
525965,0,0,0,0,0,0,0
526396,1,1,1,1,0,0,1
527181,1,1,1,1,1,1,0
527612,1,1,1,1,1,1,0
528158,0,0,0,0,0,0,0
528563,0,0,0,0,0,0,0
529494,1,1,1,1,1,1,0
530117,1,1,1,1,0,0,0
531164,0,0,0,0,0,0,0
531477,1,1,1,1,1,1,0
534373,1,1,1,1,0,0,0
534804,1,1,1,0,0,1,0
535759,1,1,1,0,0,1,0
536188,1,1,1,1,1,1,0
536686,1,1,1,0,0,1,0
537258,0,0,0,0,0,0,1
537567,0,0,0,0,0,0,1
538352,1,1,1,0,0,1,0
538665,1,1,1,0,0,0,0
538732,1,1,1,0,0,0,1
539399,0,0,0,0,0,0,1
539899,0,0,0,0,0,0,1
540060,0,0,0,0,0,0,1
540085,1,1,1,1,0,0,1
540391,0,0,0,0,0,0,1
541537,1,1,1,0,0,1,0
542252,1,1,1,0,0,1,1
542849,1,1,1,1,1,1,0
543564,1,1,1,1,1,1,0
544426,1,1,1,0,0,0,0
544876,1,1,1,1,1,1,0
545908,0,0,0,0,0,0,0
546740,1,1,1,1,1,1,0
547268,1,1,1,1,1,1,0
547269,1,1,1,0,0,1,0
547308,0,0,0,0,0,0,1
547567,1,1,1,1,0,0,0
547611,0,0,0,0,0,0,1
548089,1,0,0,0,0,0,1
548636,1,1,1,1,1,1,0
548969,1,1,1,0,0,0,1
550017,1,1,1,1,0,0,0
551598,0,0,0,0,0,0,0
552004,1,1,1,1,1,1,0
553916,1,1,1,1,0,0,0
554803,1,1,1,0,0,0,0
555833,1,1,1,1,0,0,1
556257,1,1,1,1,0,0,1
558798,0,0,0,0,0,0,0
559204,0,0,0,0,0,0,0
560326,0,0,0,0,0,0,1
560468,0,0,0,0,0,0,1
560749,0,0,0,0,0,0,1
560986,0,0,0,0,0,0,1
561100,0,0,0,0,0,0,0
561987,0,0,0,0,0,0,0
562897,0,0,0,0,0,0,1
563731,1,1,1,1,1,1,0
564113,1,1,1,1,1,1,0
564204,0,0,0,0,0,0,1
565713,1,1,1,1,1,1,0
567937,0,0,0,0,0,0,0
568174,0,0,0,0,0,0,0
568288,0,0,0,0,0,0,0
569053,1,1,1,1,1,1,0
569410,1,1,1,1,1,1,0
569548,1,1,1,1,1,1,0
570481,1,0,0,0,0,0,1
570694,1,1,1,1,1,1,0
570907,1,1,1,0,0,0,0
571384,0,0,0,0,0,0,0
571689,1,1,1,1,1,1,0
572023,1,1,1,1,1,1,0
572234,1,1,1,1,1,1,0
572544,1,1,1,1,1,1,0
572877,1,1,1,1,0,1,0
572989,1,1,1,1,1,1,0
573371,1,1,1,1,1,1,0
573486,1,1,1,1,1,1,0
574036,1,1,1,1,1,1,0
574633,1,1,1,1,1,1,0
574649,1,1,1,1,1,1,0
575848,1,1,1,1,1,1,0
575893,1,0,0,0,0,0,1
576221,1,1,1,1,1,1,0
576696,1,1,1,0,0,0,0
577104,1,1,1,1,1,1,0
577816,1,1,1,1,1,1,0
577817,1,1,1,1,1,1,0
578604,1,1,1,1,1,1,0
580136,1,1,1,1,1,1,0
580539,1,1,1,0,0,1,0
580654,1,1,1,0,0,1,0
581276,1,1,1,1,1,1,0
581846,1,1,1,1,1,1,0
582035,1,1,1,1,1,1,0
582990,1,1,1,1,1,1,0
583061,1,1,1,0,0,1,0
584206,1,1,1,1,1,1,0
584229,1,1,1,1,1,1,0
584988,1,1,1,0,0,1,0
584989,1,1,1,0,0,1,0
586133,1,1,1,1,1,1,0
586176,1,1,1,1,1,1,0
587228,1,1,1,1,1,1,0
587229,1,1,1,1,1,1,0
588448,1,1,1,0,0,1,0
589211,1,1,1,0,0,1,0
591390,1,1,1,1,0,0,0
591413,1,1,1,0,0,1,0
594428,0,0,0,0,0,0,0
594429,0,0,0,0,0,0,0
595648,0,0,0,0,0,0,0
596411,0,0,0,0,0,0,0
598590,0,0,0,0,0,0,0
598613,0,0,0,0,0,0,0
601628,0,0,0,0,0,0,0
601629,0,0,0,0,0,0,0
602848,0,0,0,0,0,0,0
603611,0,0,0,0,0,0,0
604639,1,1,1,1,1,1,0
604683,0,0,0,0,0,0,1
605782,0,0,0,0,0,0,0
605805,0,0,0,0,0,0,0
605943,1,1,1,1,1,1,0
606060,0,0,0,0,0,0,1
606969,1,1,1,1,1,1,0
607873,1,1,1,1,1,1,0
608804,1,1,1,1,0,0,0
609209,1,1,1,1,1,1,0
610261,1,1,1,1,1,1,0
611481,1,1,1,1,1,1,0
612533,1,1,1,1,1,1,0
612962,1,1,1,1,0,0,0
613127,1,1,1,0,0,1,0
613244,1,1,1,0,0,1,0
613791,0,0,0,0,0,0,1
614149,1,1,1,0,0,1,0
614189,1,1,1,1,1,1,0
614378,1,1,1,1,1,1,0
614855,1,1,1,1,1,1,0
615381,1,1,1,1,1,1,0
615397,1,1,1,1,1,1,0
615398,1,1,1,1,1,1,0
615964,1,1,1,0,0,1,0
616035,1,1,1,1,1,1,0
616581,1,1,1,1,1,1,0
616677,1,1,1,1,1,1,0
616958,1,1,1,1,1,1,0
617075,1,1,1,1,1,1,0
617140,1,1,1,1,1,1,0
617689,1,1,1,1,1,1,0
617853,0,0,0,0,0,0,1
618139,1,1,1,1,1,1,0
618204,1,1,1,1,1,1,0
618754,1,1,1,1,1,1,0
619133,1,1,1,1,1,1,0
619179,1,1,1,1,1,1,0
619268,1,1,1,1,1,1,0
619794,1,1,1,1,1,1,0
620125,1,1,1,1,1,1,0
620216,1,1,1,1,1,1,0
620311,1,1,1,1,1,1,0
620356,1,1,1,0,0,1,0
620950,1,1,1,1,1,1,0
620993,1,1,1,1,1,1,0
621060,1,0,0,0,0,0,1
621347,1,1,1,1,1,1,0
621584,1,1,1,1,1,1,0
621986,1,1,1,1,1,1,0
622004,1,1,1,1,1,1,0
622097,1,1,1,1,1,1,0
622407,1,1,1,1,1,1,0
622500,1,1,1,1,1,1,0
623045,1,1,1,1,1,1,0
623138,1,1,1,1,1,1,0
623324,1,1,1,1,1,1,0
623491,1,1,1,1,1,1,0
623536,1,1,1,1,1,1,0
623773,1,1,1,0,0,1,0
624460,1,1,1,1,1,1,0
624530,1,1,1,1,1,1,0
624624,1,1,1,1,1,1,0
624813,1,1,1,1,1,1,0
625023,1,1,1,1,1,1,0
625570,1,1,1,1,1,1,0
625857,1,1,1,1,1,1,0
625972,1,1,1,1,1,1,0
626183,1,1,1,1,1,1,0
626466,1,1,1,1,1,1,0
626753,1,1,1,1,1,1,0
627156,1,1,1,1,1,1,0
627391,1,1,1,1,1,1,0
627506,1,1,1,1,1,1,0
628152,1,1,1,1,1,1,0
628362,1,1,1,1,1,1,0
628455,1,1,1,1,1,1,0
629052,1,1,1,1,1,1,0
629119,1,0,0,0,0,0,1
629522,1,1,1,1,1,1,0
630120,1,1,1,1,1,1,0
630161,1,1,1,0,0,1,0
630541,1,0,0,0,0,0,1
631067,1,1,1,1,1,1,0
631134,1,1,1,1,1,1,0
631300,1,1,1,1,1,1,0
631580,1,1,1,0,0,1,0
631724,1,0,0,0,0,0,1
631887,1,1,1,1,1,1,0
631954,1,1,1,1,1,1,0
632720,1,1,1,1,1,1,0
632760,1,1,1,1,1,1,0
632782,1,1,1,1,1,1,0
632783,1,1,1,1,1,1,0
633134,1,0,0,0,0,0,1
633564,1,1,1,1,1,1,0
633679,1,1,1,1,1,1,0
633869,1,1,1,0,0,1,0
634054,1,1,1,1,1,1,0
634484,1,1,1,1,1,1,0
634577,1,1,1,0,0,0,1
634595,1,1,1,1,1,1,0
635144,1,1,1,0,0,0,1
635477,1,1,1,1,1,1,0
635519,1,1,1,1,1,1,0
635899,1,0,0,0,0,0,1
635969,0,0,0,0,0,0,1
636347,0,0,0,0,0,0,1
636799,1,0,0,0,0,0,1
637539,1,1,1,0,0,0,1
637653,1,1,1,0,0,1,0
639904,1,1,1,0,0,1,0
641222,0,0,0,0,0,0,0
642324,0,0,0,0,0,0,0
643161,0,0,0,0,0,0,0
643661,0,0,0,0,0,0,1
644735,0,0,0,0,0,0,0
644849,0,0,0,0,0,0,0
645901,1,1,1,1,1,1,0
647096,1,0,0,0,0,0,0
648340,1,1,1,1,1,1,0
648410,1,1,1,1,0,0,0
648646,0,0,0,0,0,0,1
649360,1,1,1,1,1,1,0
649504,1,1,1,1,0,0,0
649810,1,1,1,1,1,1,0
650358,1,0,0,0,0,0,1
650808,1,1,1,1,1,1,0
650830,1,0,0,0,0,0,1
650833,1,1,1,0,0,0,0
651878,1,1,1,1,1,1,0
651899,1,1,1,0,0,0,0
651945,1,1,1,1,1,1,0
652080,1,1,1,1,1,1,0
652124,0,0,0,0,0,0,1
652941,1,1,1,1,1,1,0
653006,1,1,1,1,1,1,0
653049,1,1,1,0,0,1,0
653116,1,1,1,1,1,1,0
654121,1,1,1,1,1,1,0
654524,1,1,1,1,1,1,0
654786,1,1,1,1,1,1,0
655452,1,1,1,1,1,1,0
656652,1,1,0,0,0,0,0
656717,1,1,1,1,1,1,0
658996,1,1,1,1,1,1,0
659038,1,1,1,1,1,1,0
659059,1,1,1,0,0,1,0
659945,1,1,1,1,1,1,0
659964,1,1,1,1,1,1,0
660244,1,1,1,1,1,1,0
660625,1,1,1,1,1,1,0
661964,1,1,1,1,1,1,0
662443,1,1,1,1,1,1,0
662652,1,1,1,0,0,0,1
662657,1,1,1,1,1,1,0
663460,1,0,0,0,0,0,1
663581,1,0,0,0,0,0,1
663670,1,1,1,1,1,1,0
663956,1,1,1,1,1,1,0
664023,1,1,1,1,1,1,0
664065,1,1,1,1,1,1,0
664877,1,0,0,0,0,0,1
665980,1,1,1,1,1,1,0
666479,1,1,1,1,1,1,0
666496,1,1,1,1,1,1,0
667309,1,1,1,1,1,1,0
667356,1,1,1,1,1,1,0
667951,1,1,1,1,1,1,0
668064,1,1,1,1,1,1,0
668065,1,0,0,0,0,0,1
668540,1,1,1,1,1,1,0
669183,1,1,1,1,1,1,0
669828,1,1,1,1,1,1,0
670737,1,1,1,1,0,0,0
670779,1,1,1,1,1,1,0
670822,1,1,0,0,0,1,0
671156,1,1,1,1,1,1,0
671631,1,0,0,0,0,0,1
671965,1,1,1,1,1,1,0
672512,1,1,1,1,1,1,0
673253,1,1,1,1,1,1,0
673584,1,1,1,1,1,1,0
674349,1,1,1,1,1,1,0
674584,1,1,1,1,1,1,0
675224,1,1,1,0,0,1,0
675225,1,1,1,0,0,1,0
675317,1,1,1,1,1,1,0
675836,1,0,0,0,0,0,1
675956,1,1,1,1,1,1,0
676361,1,1,1,1,1,1,0
676473,1,0,0,0,0,0,1
676924,1,1,1,1,1,1,0
677068,1,1,1,1,1,1,0
677137,1,0,0,0,0,0,1
677153,1,1,1,0,0,0,1
677966,1,1,1,0,0,1,0
678108,1,1,1,1,1,1,0
678148,1,1,1,1,1,1,0
678389,1,1,1,1,1,1,0
678693,1,1,1,1,1,1,0
678763,1,1,1,0,0,1,0
678950,1,1,1,1,1,1,0
679400,1,1,1,1,1,1,0
679404,1,1,1,1,1,1,0
679421,1,1,1,1,1,1,0
679751,1,1,1,1,1,1,0
679841,1,1,1,1,1,1,0
679934,1,1,1,1,1,1,0
680197,1,0,0,0,0,0,1
680212,1,0,0,0,0,0,1
680881,1,1,1,1,1,1,0
680926,1,1,1,1,1,1,0
681112,1,1,1,1,1,1,0
681209,1,1,1,1,1,1,0
681969,1,1,1,1,1,1,0
682254,1,1,1,1,1,1,0
682296,1,1,1,1,1,1,0
682301,1,1,1,1,1,1,0
682917,1,0,0,0,0,0,1
683054,1,0,0,0,0,0,1
683097,1,1,1,1,1,1,0
683428,1,1,1,1,1,1,0
683621,1,0,0,0,0,0,1
683853,1,0,0,0,0,0,1
684066,1,1,1,1,1,1,0
684157,0,0,0,0,0,0,1
685114,1,1,1,1,1,1,0
685158,0,0,0,0,0,0,1
685393,1,1,1,1,1,1,0
686422,1,1,1,1,1,1,0
686516,1,1,0,0,0,0,0
686533,1,1,1,1,1,1,0
686867,1,1,0,0,0,1,0
687582,1,1,1,1,1,1,0
687601,1,1,1,1,1,1,0
687983,1,1,1,1,1,1,0
687984,1,1,1,1,1,1,0
688766,1,1,1,1,1,1,0
688881,1,1,1,1,1,1,0
689071,1,1,1,1,1,1,0
689116,1,1,1,1,1,1,0
689854,1,1,1,1,1,1,0
689996,1,0,0,0,0,0,1
690013,1,1,1,1,1,1,0
690323,1,1,1,1,1,1,0
690556,1,1,1,0,0,1,0
690749,1,1,1,0,0,1,0
690837,1,0,0,0,0,0,1
690882,1,1,1,1,1,1,0
691024,1,1,1,1,1,1,0
691043,1,0,0,0,0,0,1
691540,1,1,1,1,1,1,0
691588,1,0,0,0,0,0,1
691681,1,1,1,1,1,1,0
691890,1,1,1,1,1,1,0
692580,1,1,1,1,1,1,0
692794,1,0,0,0,0,0,1
692912,1,0,0,0,0,0,1
693576,1,1,1,1,1,1,0
693958,1,1,1,1,1,1,0
694340,1,1,1,1,1,1,0
694792,1,0,0,0,0,0,1
695146,1,1,1,1,1,1,0
695888,1,1,1,1,1,1,0
696242,1,1,1,1,1,1,0
697056,1,1,1,1,1,1,0
697290,1,1,1,1,1,1,0
697312,0,0,0,0,0,0,1
697977,1,1,1,0,0,1,0
698191,1,1,1,0,0,1,0
698644,1,1,1,1,1,1,0
698833,1,1,0,0,0,1,0
699137,1,1,1,1,1,1,0
699640,1,1,1,1,1,1,0
699781,1,1,1,1,1,1,0
700109,1,1,1,1,1,1,0
700516,1,1,1,1,1,1,0
700560,0,0,0,0,0,0,1
700720,1,1,0,0,0,1,0
700769,1,1,1,1,1,1,0
701025,1,1,1,1,1,1,0
701188,1,0,0,0,0,0,1
701524,1,1,1,1,1,1,0
701997,1,1,1,1,1,1,0
702160,1,1,1,1,1,1,0
702424,1,1,1,1,1,1,0
703017,1,1,1,1,1,1,0
703180,1,1,1,1,1,1,0
704041,1,1,1,1,1,1,0
704300,1,1,1,1,1,1,0
704418,1,1,1,0,0,1,0
704989,1,1,1,1,1,1,0
705296,1,1,1,1,1,1,0
705319,1,1,1,0,0,1,0
705363,0,0,0,0,0,0,1
705382,1,1,1,1,1,1,0
705835,1,0,0,0,0,0,1
706045,1,1,1,1,1,1,0
706376,1,1,1,1,1,1,0
706398,1,1,1,1,1,1,0
706442,0,0,0,0,0,0,1
706799,1,1,1,1,1,1,0
706817,1,0,0,0,0,0,1
707508,1,1,1,1,1,1,0
707577,1,0,0,0,0,0,1
707791,1,1,1,1,1,1,0
707885,1,1,1,0,0,1,0
708428,1,1,1,1,1,1,0
708593,1,1,1,1,1,1,0
708637,0,0,0,0,0,0,1
708803,1,1,1,1,1,1,0
708805,1,1,1,1,1,1,0
709440,1,1,1,1,1,1,0
709536,1,1,1,0,0,1,0
709793,1,1,1,1,1,1,0
709959,1,1,1,1,1,1,0
710125,1,1,1,1,1,1,0
710428,1,1,1,1,1,1,0
710668,1,1,1,1,1,1,0
710733,1,1,1,1,1,1,0
710923,1,1,1,1,1,1,0
711396,1,1,1,1,1,1,0
711469,1,1,1,1,1,1,0
711919,1,1,1,1,1,1,0
711937,1,1,1,1,1,1,0
711960,1,1,1,1,1,1,0
712720,1,1,1,1,1,1,0
712841,1,1,1,1,1,1,0
712932,1,1,1,1,1,1,0
712949,1,1,1,1,1,1,0
713546,1,1,1,0,0,1,0
713732,1,1,1,1,1,1,0
714041,1,1,1,1,1,1,0
714088,1,1,1,1,1,1,0
714373,1,1,1,1,1,1,0
714417,0,0,0,0,0,0,1
714578,1,1,1,1,1,1,0
714912,1,1,1,1,1,1,0
715265,1,1,1,1,1,1,0
715790,1,1,1,1,1,1,0
715793,1,1,1,1,1,1,0
715928,1,1,1,1,1,1,0
717002,1,1,1,1,1,1,0
717241,1,1,1,1,1,1,0
717284,1,1,1,1,1,1,0
718360,1,1,1,1,1,1,0
719051,1,1,0,0,0,1,0
719240,1,1,1,1,1,1,0
720172,1,1,1,1,1,1,0
720884,1,0,0,0,0,0,0
721912,1,1,1,1,1,1,0
722437,1,1,1,0,0,1,0
722912,1,1,1,1,1,1,0
723701,1,1,1,1,1,1,0
723960,1,1,1,1,1,1,0
724174,1,1,1,0,0,1,0
724413,1,1,1,0,0,1,0
724741,1,1,1,1,1,1,0
724952,1,1,1,1,1,1,0
725094,1,1,1,1,1,1,0
725381,1,1,1,1,1,1,0
725564,0,0,0,0,0,0,1
726211,1,1,1,0,0,1,0
726401,1,1,1,1,1,1,0
727187,1,1,1,1,1,1,0
727328,1,1,1,0,0,1,0
727853,1,1,1,1,1,1,0
728351,1,1,1,1,1,1,0
729163,1,1,1,0,0,0,1
730167,1,1,1,1,1,1,0
731147,1,1,1,1,1,1,0
731909,1,1,1,0,0,1,0
732266,1,1,1,0,0,1,0
732359,1,1,1,1,1,1,0
732736,1,1,1,0,0,1,0
733239,1,1,1,1,1,1,0
733952,1,1,1,1,1,1,0
734215,1,1,1,1,1,1,0
734500,1,1,1,0,0,1,0
735025,1,1,1,0,0,1,0
735211,1,1,1,1,1,1,0
735544,1,1,1,1,1,1,0
735925,1,1,1,1,1,1,0
736160,1,0,0,0,0,0,1
736395,1,1,1,1,1,1,0
736945,1,1,1,1,1,1,0
737059,1,0,0,0,0,0,1
737440,1,1,1,1,1,1,0
737989,1,1,1,1,1,1,0
738199,1,1,1,1,1,1,0
738653,1,0,0,0,0,0,1
739053,1,1,1,0,0,1,0
739339,1,1,1,1,1,1,0
739406,1,1,1,1,0,0,0
739450,0,0,0,0,0,0,1
739493,1,0,0,0,0,0,1
740307,1,1,1,1,1,1,0
741092,1,1,1,0,0,1,0
741235,1,1,1,1,1,1,0
742092,1,1,1,1,1,1,0
742136,0,0,0,0,0,0,1
742207,1,1,1,1,1,1,0
743136,1,1,1,1,1,1,0
743207,1,1,1,1,1,1,0
744064,1,1,1,1,1,1,0
744135,1,1,1,1,1,1,0
744588,1,1,1,0,0,1,0
745060,1,1,1,1,1,1,0
745131,1,1,1,1,1,1,0
745801,1,1,1,0,0,1,0
745936,1,1,1,1,1,1,0
746079,1,1,1,1,1,1,0
746602,1,1,1,0,0,1,0
746645,0,0,0,0,0,0,0
746669,1,1,1,1,1,1,0
746876,1,1,1,1,1,1,0
747019,1,1,1,1,1,1,0
747302,1,0,0,0,0,0,1
747659,1,0,0,0,0,0,1
747677,1,1,1,1,1,1,0
747725,1,1,1,1,1,1,0
747812,1,1,1,1,1,1,0
748338,1,1,1,1,1,1,0
748645,1,1,1,1,1,1,0
748784,1,1,1,1,1,1,0
749333,1,1,1,0,0,0,1
749334,1,1,1,1,1,1,0
750309,1,1,1,1,1,1,0
751724,1,1,1,0,0,1,0
752776,1,1,1,1,1,1,0
753708,1,1,1,1,1,1,0
754376,1,1,1,0,0,0,1
754827,1,1,1,0,0,1,0
754897,1,1,1,0,0,1,0
755396,1,1,1,1,1,1,0
755964,1,1,1,0,0,1,0
756180,1,0,0,0,0,0,1
756510,1,1,1,0,0,1,0
757489,1,1,1,0,0,1,0
757510,1,1,1,1,1,1,0
757529,0,0,0,0,0,0,1
758365,1,1,1,1,1,1,0
762011,1,1,1,0,0,1,0
762081,1,1,1,0,0,1,0
762939,1,1,1,1,1,1,0
763105,1,1,1,1,1,1,0
763144,1,1,0,0,0,1,0
763360,1,1,1,0,0,1,0
763979,1,1,1,1,1,1,0
764121,1,1,1,1,1,1,0
764184,1,1,1,1,1,1,0
764686,1,1,1,0,0,1,0
764923,1,1,1,1,1,1,0
765089,1,1,1,1,1,1,0
765128,1,1,1,1,1,1,0
765533,1,1,1,0,0,1,0
765648,1,0,0,0,0,0,1
765742,1,1,1,1,1,1,0
765931,1,1,1,1,1,1,0
766145,1,1,1,1,1,1,0
766665,1,1,1,1,1,1,0
766734,1,1,1,1,1,1,0
767429,1,1,1,1,1,1,0
767805,1,1,1,1,1,1,0
767826,1,1,1,1,1,1,0
768401,1,1,1,1,1,1,0
768849,1,1,1,1,1,1,0
768870,1,1,1,1,1,1,0
769277,1,1,1,1,1,1,0
769870,1,1,1,1,1,1,0
769913,1,1,1,1,1,1,0
770488,1,1,0,0,0,1,0
770725,1,1,1,1,1,1,0
770838,1,1,1,1,1,1,0
770929,1,1,1,1,1,1,0
771576,1,1,1,1,1,1,0
771717,1,1,1,1,1,1,0
771998,1,1,1,1,1,1,0
772784,1,1,1,0,0,1,0
773070,1,1,1,1,1,1,0
773071,1,1,1,0,0,1,0
773111,0,0,0,0,0,0,1
774066,1,1,1,1,1,1,0
775550,1,1,1,1,1,1,0
778113,1,1,1,0,0,1,0
778709,1,0,0,0,0,0,1
778756,1,1,1,0,0,1,0
778897,1,1,1,0,0,1,0
779753,1,1,1,1,1,1,0
779964,1,1,1,0,0,1,0
779969,1,1,1,1,1,1,0
780295,1,1,1,0,0,1,0
780936,1,1,1,1,1,1,0
780961,1,1,1,1,1,1,0
780976,0,0,0,0,0,0,1
781359,1,1,1,1,1,1,0
782024,1,1,1,1,1,1,0
782049,1,1,1,1,1,1,0
782403,1,1,1,1,1,1,0
782710,1,1,1,0,0,1,0
783064,1,1,1,1,1,1,0
784313,1,1,1,0,0,1,1
785916,1,1,1,0,0,1,0
786344,1,0,0,0,0,0,1
786913,1,1,1,0,0,1,0
787392,1,1,1,1,1,1,0
787961,1,1,1,1,1,1,0
788584,1,1,1,1,1,1,0
789587,1,1,1,0,0,0,0
789588,1,1,1,0,0,0,1
789771,0,0,0,0,0,0,1
789886,1,1,1,0,0,1,0
790240,1,1,1,0,0,0,0
790696,1,1,1,1,1,1,0
790740,0,0,0,0,0,0,1
790854,1,1,1,1,1,1,0
791232,1,1,1,1,1,1,0
791473,1,1,0,0,0,0,0
791852,1,1,1,1,1,1,0
791870,1,1,1,1,1,1,0
792296,1,1,1,1,0,0,1
792414,1,0,0,0,0,0,1
793370,1,1,1,1,1,1,0
795117,1,1,1,0,0,0,0
796939,1,1,0,0,0,1,0
797967,1,1,1,1,1,1,0
798661,1,1,1,0,0,1,0
798847,1,1,1,1,1,1,0
799036,1,1,1,1,0,0,0
799441,1,1,1,1,1,1,0
799480,1,1,0,0,0,0,0
799935,1,1,1,1,1,1,0
800004,1,1,1,1,1,1,0
800020,1,0,0,0,0,0,1
800546,1,1,1,1,0,0,0
800548,1,0,0,0,0,0,1
800560,1,0,0,0,0,0,1
801446,1,1,1,1,1,1,0
801560,1,0,0,0,0,0,1
801750,1,0,0,0,0,0,1
802273,1,1,1,1,0,0,0
802318,1,0,0,0,0,0,1
803201,1,1,1,1,1,1,0
803342,1,1,1,1,0,0,1
805089,1,1,1,1,0,1,1
805090,1,1,1,0,0,0,1
806018,1,1,1,1,1,1,0
806037,1,1,1,0,0,0,1
806589,1,1,1,0,0,1,0
806702,1,0,0,0,0,0,1
807083,1,1,1,1,0,0,0
807582,1,1,1,1,1,1,0
807677,1,1,1,1,1,1,0
807696,1,1,1,1,0,0,0
807739,1,0,0,0,0,0,1
808550,1,1,1,1,1,1,0
808669,1,1,1,1,1,1,0
808708,1,1,1,1,0,1,0
808780,1,1,1,1,1,1,0
809518,1,1,1,1,1,1,0
809632,1,1,1,1,1,1,0
809704,1,1,1,1,1,1,0
809797,1,1,1,1,1,1,0
810390,1,1,1,1,1,1,0
810604,1,1,1,1,1,1,0
810740,1,1,1,1,1,1,0
811290,1,1,1,1,1,1,0
811576,1,1,1,1,1,1,0
811688,1,1,1,1,1,1,0
812190,1,1,1,1,1,1,0
812476,1,1,1,1,1,1,0
812660,1,1,1,1,1,1,0
813114,1,1,1,1,1,1,0
813157,1,1,1,0,0,1,0
813536,1,1,1,1,1,1,0
813608,1,1,1,1,1,1,0
814057,1,1,1,1,1,1,0
814270,1,1,1,1,1,1,0
814552,1,1,1,1,1,1,0
814840,1,1,1,1,1,1,0
814859,1,1,0,0,0,0,0
814949,1,1,1,1,1,1,0
815736,1,1,1,1,1,1,0
815784,1,1,1,1,1,1,0
815827,1,1,1,1,1,1,0
815845,1,1,1,1,1,1,0
816588,1,1,1,1,1,1,0
816653,1,0,0,0,0,0,1
816699,1,1,1,1,1,1,0
816913,1,1,0,0,0,1,0
817288,1,1,1,1,1,1,0
817504,1,1,1,1,1,1,0
817593,1,1,1,1,1,1,0
817639,1,1,1,1,1,1,0
817757,1,1,1,1,1,1,0
818304,1,1,1,1,1,1,0
818344,1,1,1,1,1,1,0
818509,1,1,1,1,1,1,0
818725,1,1,1,1,1,1,0
818815,1,1,1,1,1,1,0
819244,1,1,1,1,1,1,0
819332,1,1,1,1,1,1,0
819403,1,0,0,0,0,0,1
819445,1,1,1,1,1,1,0
819613,1,1,1,1,1,1,0
820112,1,1,1,1,1,1,0
820128,1,1,1,1,1,1,0
820223,1,1,1,1,1,1,0
820313,1,1,1,1,1,1,0
820721,1,1,1,1,1,1,0
821000,1,1,1,1,1,1,0
821072,1,1,1,1,1,1,0
821115,1,1,1,1,1,1,0
821253,1,1,1,1,1,1,0
821346,1,1,1,0,0,1,0
821585,1,1,1,1,1,1,0
821868,1,1,1,1,1,1,0
821908,1,1,1,1,1,1,0
822289,1,1,1,1,1,1,0
822310,1,1,1,1,1,1,0
822475,1,1,1,1,1,1,0
822497,1,1,1,1,1,1,0
822852,1,1,1,1,1,1,0
823110,1,1,1,1,1,1,0
823176,1,1,1,1,1,1,0
823393,1,1,1,1,1,1,0
823795,1,1,1,1,1,1,0
824100,1,1,1,1,1,1,0
824293,1,1,1,1,1,1,0
824406,1,1,1,1,1,1,0
824691,1,1,1,1,1,1,0
824852,1,0,0,0,0,0,1
825189,1,1,1,1,1,1,0
825446,1,1,1,1,1,1,0
826136,1,1,1,1,1,1,0
826521,1,1,1,1,1,1,0
826610,1,1,1,1,1,1,0
826964,1,1,1,1,1,1,0
827586,1,1,1,1,1,1,0
827657,1,1,1,1,1,1,0
827840,1,1,1,1,1,1,0
828460,1,0,0,0,0,0,1
828506,1,1,1,1,1,1,0
828841,1,1,1,1,1,1,0
829409,1,1,1,0,0,1,0
829598,1,1,1,1,1,1,0
829616,1,1,1,0,0,0,1
829976,1,1,1,0,0,1,0
830496,1,1,1,1,1,1,0
830566,1,1,1,1,1,1,0
831116,1,1,1,1,1,1,0
831396,1,1,1,1,1,1,0
831490,1,1,1,1,1,1,0
831823,1,1,1,0,0,1,0
832012,1,1,1,1,1,1,0
832340,1,1,1,1,1,1,0
832891,1,1,1,1,1,1,0
832912,1,1,1,1,1,1,0
833312,1,1,1,1,1,1,0
833815,1,1,1,1,1,1,0
833956,1,1,1,1,1,1,0
834260,1,1,1,1,1,1,0
834788,1,1,1,0,0,0,1
834807,1,1,1,1,1,1,0
835643,1,1,1,1,1,1,0
835736,1,1,1,1,1,1,0
835973,1,1,1,0,0,1,0
836424,1,0,0,0,0,0,1
836468,0,0,0,0,0,0,1
836533,1,1,1,0,0,1,0
836797,1,1,1,1,1,1,0
837344,1,1,1,1,1,1,0
837409,1,1,1,1,1,1,0
837625,1,1,1,1,1,1,0
837836,1,0,0,0,0,0,1
838285,1,1,1,1,1,1,0
838618,1,1,1,0,0,1,0
838712,1,1,1,1,1,1,0
839401,1,1,1,1,1,1,0
839542,1,1,1,1,1,1,0
839804,1,1,1,1,1,1,0
840446,1,1,1,1,1,1,0
840513,1,1,1,1,1,1,0
840584,1,1,1,1,1,1,0
841392,1,1,1,0,0,1,0
841393,1,1,1,1,1,1,0
841460,1,1,1,1,1,1,0
842317,1,1,1,1,1,1,0
842360,1,1,1,1,1,1,0
842384,1,1,1,1,1,1,0
842763,1,1,1,0,0,1,0
843023,0,0,0,0,0,0,1
843136,1,1,1,1,0,0,1
843373,1,1,1,1,1,1,0
843875,1,1,1,1,1,1,0
843917,1,0,0,0,0,0,1
844320,1,1,1,1,1,1,0
844753,1,1,1,0,0,1,0
844817,1,1,1,1,1,1,0
844839,1,1,1,1,1,1,0
845168,1,1,1,1,1,1,0
845669,1,1,1,1,1,1,0
845693,1,1,1,1,1,1,0
845711,1,1,1,1,1,1,0
845755,0,0,0,0,0,0,1
846036,1,1,1,1,1,1,0
846392,0,0,0,0,0,0,1
846633,1,1,1,1,1,1,0
847224,1,1,1,1,1,1,0
847513,1,1,1,1,1,1,0
847554,1,1,1,0,0,0,0
848100,1,1,1,1,0,0,1
848485,1,1,1,1,1,1,0
849052,1,1,1,1,1,1,0
849317,1,1,1,1,1,1,0
849504,1,1,1,0,0,1,0
849928,1,1,1,1,1,1,0
850072,1,0,0,0,0,0,1
850261,1,1,1,1,1,1,0
850976,1,1,1,1,1,1,0
851088,1,1,1,1,1,1,0
851161,1,1,1,1,1,1,0
851924,1,1,1,1,1,1,0
852108,1,1,1,1,1,1,0
852113,1,1,1,1,1,1,0
852296,1,0,0,0,0,0,1
852793,1,1,1,0,0,1,0
852887,1,1,1,0,0,1,0
852976,1,1,1,1,1,1,0
853001,1,1,1,1,1,1,0
853164,1,1,1,1,1,1,0
853637,1,1,1,1,1,1,0
853731,1,1,1,1,1,1,0
853775,0,0,0,0,0,0,1
854037,1,1,1,1,1,1,0
854176,1,1,1,1,1,1,0
854312,1,1,1,1,1,1,0
854525,1,1,1,1,1,1,0
854666,1,1,1,0,0,1,0
855024,1,1,1,1,1,1,0
855139,1,1,1,1,1,1,0
855180,1,1,1,1,1,1,0
855417,1,1,1,1,1,1,0
855462,1,1,1,1,1,1,0
855581,1,1,1,1,1,1,0
856341,1,1,1,1,1,1,0
856386,1,1,1,1,1,1,0
856505,1,1,1,1,1,1,0
856595,1,1,1,1,1,1,0
856612,1,1,1,1,1,1,0
857329,1,1,1,1,1,1,0
857330,1,1,1,1,1,1,0
857443,1,1,1,1,1,1,0
857580,1,1,1,1,1,1,0
858249,1,1,1,1,1,1,0
858580,1,1,1,1,1,1,0
859153,1,1,1,1,1,1,0
859511,1,1,1,1,1,1,0
859600,1,1,1,1,1,1,0
860149,1,1,1,1,1,1,0
860483,1,1,1,1,1,1,0
860548,1,1,1,1,1,1,0
860931,1,0,0,0,0,0,1
861572,1,1,1,1,1,1,0
861715,1,1,1,1,1,1,0
862144,1,1,1,0,0,1,0
862544,1,1,1,1,1,1,0
862663,1,1,1,1,1,1,0
862707,0,0,0,0,0,0,1
863231,1,0,0,0,0,0,1
863440,1,1,1,1,1,1,0
863633,1,1,1,0,0,1,0
863936,1,0,0,0,0,0,1
864175,1,1,1,1,1,1,0
864458,1,1,1,0,0,1,0
864502,0,0,0,0,0,0,1
864621,1,1,1,1,1,1,0
864975,1,1,1,1,1,1,0
864992,1,1,1,1,1,1,0
865545,1,1,1,1,1,1,0
866016,1,1,1,1,1,1,0
866569,1,1,1,1,1,1,0
867117,1,0,0,0,0,0,1
867277,1,1,1,0,0,1,0
867973,1,1,1,1,1,1,0
868205,1,1,1,1,1,1,0
868901,1,1,1,1,1,1,0
869280,1,1,1,0,0,1,0
869733,1,1,1,1,1,1,0
870112,1,1,1,1,1,1,0
870661,1,1,1,1,1,1,0
870992,1,1,1,1,1,1,0
871541,1,1,1,1,1,1,0
871654,1,1,1,0,0,1,0
871940,1,1,1,1,1,1,0
872127,1,1,1,0,0,1,0
872461,1,1,1,1,1,1,0
872574,1,1,1,1,1,1,0
872932,1,1,1,1,1,1,0
873164,1,1,1,0,0,1,0
873187,1,1,1,1,1,1,0
873470,1,1,1,1,1,1,0
873828,1,1,1,1,1,1,0
874012,1,1,1,1,1,1,0
874035,1,1,1,1,1,1,0
874318,1,1,1,1,1,1,0
874724,1,1,1,1,1,1,0
874980,1,1,1,1,1,1,0
875099,1,1,1,1,1,1,0
875238,1,1,1,1,1,1,0
875329,1,1,1,0,0,1,0
875781,1,0,0,0,0,0,1
875994,1,1,1,1,1,1,0
876036,1,1,1,1,1,1,0
876039,1,1,1,1,1,1,0
876293,1,0,0,0,0,0,1
876890,1,1,1,1,1,1,0
877052,1,1,1,1,1,1,0
877147,1,1,1,1,1,1,0
877309,1,1,1,1,1,1,0
878048,1,1,1,1,1,1,0
878239,1,1,1,1,1,1,0
878329,1,1,1,1,1,1,0
879092,1,1,1,1,1,1,0
879139,1,1,1,1,1,1,0
879277,1,1,1,1,1,1,0
879565,1,1,1,0,0,1,0
879943,1,1,1,1,1,1,0
879984,1,1,1,1,1,1,0
880077,1,1,1,1,1,1,0
880411,1,0,0,0,0,0,1
880601,1,1,1,1,1,1,0
880857,1,1,1,1,1,1,0
881068,1,1,1,1,1,1,0
881597,1,1,1,1,1,1,0
881780,1,1,1,1,1,1,0
881828,1,1,1,0,0,1,0
882660,1,1,1,1,1,1,0
882900,1,1,1,1,1,1,0
883540,1,1,1,1,1,1,0
884018,1,1,1,0,0,1,0
884612,1,1,1,1,1,1,0
884994,1,1,1,1,1,1,0
885444,1,1,1,1,1,1,0
886280,1,1,1,1,1,1,0
887575,1,1,1,0,0,1,0
888025,1,1,1,0,0,1,0
888431,1,1,1,1,1,1,0
888765,1,1,1,0,0,1,0
888925,1,1,1,1,1,1,0
889355,1,1,1,1,1,1,0
889761,1,1,1,1,1,1,0
889805,0,0,0,0,0,0,1
889821,1,1,1,1,1,1,0
890060,1,1,1,0,0,1,0
890367,1,1,1,1,1,1,0
890436,1,0,0,0,0,0,1
890789,1,1,1,1,1,1,0
890793,1,1,1,1,1,1,0
890808,1,0,0,0,0,0,1
891211,1,1,1,0,0,0,1
891613,1,1,1,1,1,1,0
891707,1,0,0,0,0,0,1
891728,1,1,1,1,1,1,0
891821,1,1,1,1,1,1,0
891933,1,0,0,0,0,0,1
892122,1,1,1,0,0,1,0
892527,1,1,1,1,1,1,0
892596,1,1,1,1,1,1,0
892925,1,1,1,1,1,1,0
893042,1,1,1,1,1,1,0
893375,1,1,1,1,1,1,0
893392,1,1,1,0,0,1,0
893464,1,1,1,1,1,1,0
894300,1,1,1,1,1,1,0
894319,1,1,1,1,1,1,0
894340,0,0,0,0,0,0,1
894356,1,1,1,1,1,1,0
894546,1,1,1,1,1,1,0
895095,1,1,1,1,1,1,0
895164,1,1,1,1,1,1,0
895252,1,1,1,1,1,1,0
895394,1,1,1,1,1,1,0
895967,1,1,1,1,1,1,0
896128,1,1,1,1,1,1,0
896152,1,1,1,1,1,1,0
896194,1,1,1,1,1,1,0
896884,1,1,1,1,1,1,0
896907,1,1,1,1,1,1,0
897048,1,1,1,1,1,1,0
897186,1,1,1,1,1,1,0
897684,1,1,1,1,1,1,0
897899,1,1,1,1,1,1,0
897990,1,1,1,1,1,1,0
897992,1,1,1,1,1,1,0
898319,1,0,0,0,0,0,1
898844,1,1,1,1,1,1,0
898913,1,1,1,0,0,1,0
899122,1,1,1,1,1,1,0
899167,1,1,1,1,1,1,0
899741,1,1,1,1,1,1,0
900021,1,1,1,0,0,1,0
900066,1,1,1,1,1,1,0
900111,1,1,1,1,1,1,0
900661,1,1,1,1,1,1,0
900966,1,1,1,1,1,1,0
900985,1,1,1,1,1,1,0
901031,1,1,1,1,1,1,0
901437,1,1,1,1,1,1,0
901886,1,1,1,1,1,1,0
902171,1,1,1,1,1,1,0
902214,0,0,0,0,0,0,1
902549,1,1,1,1,1,1,0
903191,1,1,1,1,1,1,0
904075,1,1,1,1,1,1,0
904812,1,1,1,0,0,1,0
905144,1,0,0,0,0,0,1
905167,1,1,1,1,1,1,0
905184,0,0,0,0,0,0,1
905948,1,1,1,1,1,1,0
905972,1,1,1,0,0,1,0
906832,1,1,1,1,1,1,0
906920,1,1,1,1,1,1,0
907616,1,1,1,1,1,1,0
908137,1,1,1,0,0,1,0
908688,1,1,1,1,1,1,0
909281,1,1,1,1,1,1,0
909374,1,1,1,0,0,1,0
909537,0,0,0,0,0,0,1
909680,1,1,1,1,1,1,0
909701,1,1,1,0,0,1,0
910126,1,1,1,1,1,1,0
910337,1,1,1,1,1,1,0
910600,1,1,1,1,1,1,0
910785,1,0,0,0,0,0,1
910902,1,1,1,1,1,1,0
910905,1,1,1,1,1,1,0
910942,0,0,0,0,0,0,1
911444,1,1,1,1,1,1,0
911725,1,1,1,1,1,1,0
911770,1,1,1,1,1,1,0
911841,1,1,1,1,1,1,0
912291,1,1,1,0,0,1,0
912336,1,1,1,1,1,1,0
912546,1,1,1,1,1,1,0
912713,1,1,1,1,1,1,0
913380,1,1,1,1,1,1,0
913542,1,1,1,1,1,1,0
913685,1,1,1,1,1,1,0
914036,1,1,1,0,0,1,0
914348,1,1,1,1,1,1,0
914486,1,1,1,1,1,1,0
914677,1,1,1,1,1,1,0
915076,1,1,1,1,1,1,0
915508,1,1,1,1,1,1,0
915601,1,1,1,1,1,1,0
915904,1,1,1,1,1,1,0
916260,1,0,0,0,0,0,1
916524,1,1,1,1,1,1,0
916568,0,0,0,0,0,0,1
916680,1,0,0,0,0,0,1
917036,1,0,0,0,0,0,1
917040,1,0,0,0,0,0,1
917988,1,1,1,1,1,1,0
918060,1,1,1,1,1,1,0
918244,0,0,0,0,0,0,1
918624,1,0,0,0,0,0,1
918837,1,1,1,0,0,1,0
919100,1,1,1,1,1,1,0
919407,1,1,1,0,0,1,0
919424,1,1,1,1,1,1,0
919853,1,1,1,1,1,1,0
920209,1,0,0,0,0,0,1
920300,1,1,1,1,1,1,0
920395,1,1,1,1,1,1,0
920439,0,0,0,0,0,0,1
920576,1,0,0,0,0,0,1
921173,1,1,1,1,1,1,0
921175,1,1,1,1,1,1,0
921598,1,1,1,0,0,1,0
921617,1,0,0,0,0,0,1
921708,1,1,1,1,1,1,0
921945,1,0,0,0,0,0,1
921991,1,1,1,1,1,1,0
922032,0,0,0,0,0,0,1
922316,0,0,0,0,0,0,1
922386,1,1,1,1,1,1,0
922668,0,0,0,0,0,0,1
922693,1,1,1,0,0,1,0
922710,0,0,0,0,0,0,1
922753,1,1,1,1,1,1,0
922964,0,0,0,0,0,0,1
923013,0,0,0,0,0,0,1
923077,1,0,0,0,0,0,1
923288,0,0,0,0,0,0,1
923313,1,0,0,0,0,0,1
924097,1,1,1,1,1,1,0
924121,1,1,1,1,1,1,0
924352,1,1,1,1,1,1,0
924833,1,1,1,1,1,1,0
924969,1,1,1,1,1,1,0
925204,1,1,1,1,1,1,0
925321,0,0,0,0,0,0,1
925825,1,1,1,1,1,1,0
926180,1,1,1,0,0,1,0
926364,1,1,1,1,1,1,0
926481,1,1,1,1,1,1,0
926937,1,1,1,1,1,1,0
926981,0,0,0,0,0,0,1
927384,1,1,1,1,1,1,0
927401,1,1,1,1,1,1,0
927468,1,1,1,1,1,1,0
928021,1,1,1,1,1,1,0
928229,1,1,1,1,1,1,0
928440,1,1,1,1,1,1,0
928777,1,1,1,1,1,1,0
929083,1,1,1,0,0,1,0
929221,1,1,1,1,1,1,0
929818,1,1,1,0,0,1,0
929911,1,1,1,1,1,1,0
930794,1,1,1,1,1,1,0
931007,1,1,1,1,1,1,0
934556,1,1,1,0,0,1,0
935248,1,1,1,1,1,1,0
935624,1,1,1,0,0,1,0
935961,1,1,1,0,0,1,0
935976,0,0,0,0,0,0,1
936405,1,1,1,0,0,1,0
936784,1,1,1,1,1,1,0
936789,1,1,1,1,1,1,0
937978,1,1,1,0,0,0,0
938191,1,1,1,0,0,1,0
938810,1,1,1,1,1,1,0
939023,1,1,1,1,1,1,0
939594,1,1,1,1,1,1,0
940454,1,1,1,1,1,1,0
942420,1,1,1,0,0,1,0
943589,1,1,1,0,0,1,0
943968,1,1,1,0,0,0,0
943973,1,1,1,0,0,1,0
946219,1,1,1,0,0,1,0
947654,1,1,1,0,0,1,0
949620,1,1,1,0,0,0,0
949664,0,0,0,0,0,0,1
950785,1,1,1,0,0,1,0
951164,1,1,1,0,0,1,0
951169,1,1,1,0,0,1,0
951589,1,1,1,1,1,1,0
951944,1,1,1,1,1,1,0
951969,1,1,1,1,1,1,0
952416,1,0,0,0,0,0,1
953252,1,1,1,1,1,1,0
953395,1,1,1,0,0,1,0
954111,1,1,1,1,1,1,0
954826,1,1,1,0,0,1,0
954895,1,1,1,1,1,1,0
955659,1,1,1,1,1,1,0
956832,1,1,1,0,0,1,0
958769,1,1,1,0,0,1,0
959153,1,1,1,0,0,1,0
959749,1,1,1,0,0,0,1
960436,1,1,1,0,0,1,0
960509,1,1,1,1,1,1,0
961268,1,1,1,1,1,1,0
961341,1,1,1,1,1,1,0
962006,1,1,1,0,0,1,0
962048,1,1,1,1,1,1,0
962241,1,1,1,1,1,1,0
962835,1,1,1,0,0,1,0
962854,1,1,1,1,1,1,0
962872,1,1,1,1,1,1,0
963041,1,1,1,1,1,1,0
963635,1,1,1,1,1,1,0
963702,1,1,1,1,1,1,0
963965,1,1,1,1,1,1,0
963984,1,1,1,0,0,1,0
964530,1,1,1,1,1,1,0
964793,1,1,1,1,1,1,0
964882,1,0,0,0,0,0,1
964884,1,1,1,1,1,1,0
965621,1,1,1,1,1,1,0
965736,1,1,1,1,1,1,0
965897,1,1,1,0,0,1,0
965901,1,0,0,0,0,0,1
966588,1,1,1,1,1,1,0
967472,1,1,1,1,1,1,0
968308,1,1,1,1,1,1,0
970028,1,1,1,0,0,1,0
970795,1,1,1,0,0,1,0
972062,1,1,1,0,0,1,0
972922,1,1,1,1,1,1,0
973085,1,1,1,0,0,1,0
973089,1,1,1,0,0,1,0
973845,1,1,1,1,1,1,0
974133,1,1,1,1,1,1,0
974629,1,1,1,1,1,1,0
975492,1,1,1,0,0,1,0
976448,1,1,1,1,1,1,0
976492,0,0,0,0,0,0,1
977204,1,1,1,0,0,1,0
977971,1,1,1,0,0,1,0
978711,1,1,1,1,1,1,0
979475,1,1,1,1,1,1,0
980094,1,1,1,0,0,1,0
980403,1,1,1,1,1,1,0
980878,1,1,1,1,1,1,0
981283,1,1,1,1,1,1,0
981305,1,1,1,0,0,1,0
981635,1,0,0,0,0,0,1
981797,1,1,1,0,0,0,0
982611,1,1,1,1,1,1,0
982749,1,1,1,1,1,1,0
983177,1,0,0,0,0,0,1
983439,1,1,1,1,1,1,0
983652,1,1,1,0,0,1,0
984053,1,1,1,1,1,1,0
984360,1,1,1,0,0,1,0
984624,1,1,1,1,1,1,0
984833,1,1,1,1,1,1,0
985116,1,1,1,1,1,1,0
985692,1,1,1,1,1,1,0
985924,1,1,1,1,1,1,0
986524,1,1,1,1,1,1,0
986684,1,1,1,1,1,1,0
987136,1,0,0,0,0,0,1
988022,1,1,1,0,0,1,0
988453,1,1,1,0,0,1,0
988782,1,1,1,1,1,1,0
989761,1,1,1,0,0,1,1
989765,1,1,1,1,1,1,0
989801,0,0,0,0,0,0,1
990302,1,1,1,1,1,1,0
990587,1,1,1,0,0,1,0
990749,1,1,1,1,1,1,0
991106,1,1,1,1,1,1,0
991391,1,1,1,1,1,1,0
991553,1,1,1,1,1,1,0
992006,1,1,1,1,1,1,0
992867,1,1,1,1,1,1,0
992885,1,1,1,1,1,1,0
993002,1,1,1,1,1,1,0
993672,1,1,0,0,0,0,0
993689,1,0,0,0,0,0,1
993710,1,1,1,0,0,0,1
993731,1,1,1,1,1,1,0
994276,1,1,1,0,0,1,0
994420,1,1,1,1,1,1,0
994461,1,1,1,1,1,1,0
994723,1,1,1,1,1,1,0
995268,1,1,1,1,1,1,0
995481,1,1,1,1,1,1,0
995599,1,1,1,1,1,1,0
996409,1,1,1,1,1,1,0
996431,1,1,1,1,1,1,0
996885,1,1,1,0,0,1,0
997381,1,1,1,1,1,1,0
997957,1,1,1,1,1,1,0
998213,1,1,1,0,0,0,1
998257,0,0,0,0,0,0,1
999117,1,1,1,1,1,1,0
1000001,1,1,1,1,1,1,0
