step,picked,placed_v2,nested_v2,slide_success,tipped
300,0,0,0,0,0
600,0,0,0,0,0
900,0,0,0,0,0
1200,0,0,0,0,0
1500,0,0,0,0,0
1800,0,0,0,0,0
2100,0,0,0,0,0
2400,0,0,0,0,0
2700,0,0,0,0,0
3000,0,0,0,0,0
3300,0,0,0,0,0
3600,0,0,0,0,0
3900,0,0,0,0,0
4200,0,0,0,0,0
4500,0,0,0,0,0
4800,0,0,0,0,0
5100,0,0,0,0,0
5400,0,0,0,0,0
5700,0,0,0,0,0
6000,0,0,0,0,0
6300,0,0,0,0,0
6600,0,0,0,0,0
6900,0,0,0,0,0
7200,0,0,0,0,0
7500,0,0,0,0,0
7800,0,0,0,0,0
8100,0,0,0,0,0
8400,0,0,0,0,0
8401,0,0,0,0,1
8402,0,0,0,0,1
8702,0,0,0,0,0
9002,0,0,0,0,0
9302,0,0,0,0,0
9602,0,0,0,0,0
9902,0,0,0,0,0
10202,0,0,0,0,0
10502,0,0,0,0,0
10802,0,0,0,0,0
10803,0,0,0,0,1
11103,0,0,0,0,0
11403,0,0,0,0,0
11703,0,0,0,0,0
11734,0,0,0,0,1
12034,0,0,0,0,0
12058,0,0,0,0,1
12358,0,0,0,0,0
12640,0,0,0,0,1
12940,0,0,0,0,0
12957,0,0,0,0,1
13257,0,0,0,0,0
13557,0,0,0,0,0
13605,0,0,0,0,1
13813,0,0,0,0,1
14113,0,0,0,0,0
14413,0,0,0,0,0
14713,0,0,0,0,0
15013,0,0,0,0,0
15313,0,0,0,0,0
15368,0,0,0,0,1
15668,0,0,0,0,0
15968,0,0,0,0,0
16268,0,0,0,0,0
16568,0,0,0,0,0
16868,0,0,0,0,0
16880,0,0,0,0,1
17180,0,0,0,0,0
17229,0,0,0,0,1
17283,0,0,0,0,1
17329,0,0,0,0,1
17629,0,0,0,0,0
17678,1,0,0,0,1
17978,0,0,0,0,0
18278,0,0,0,0,0
18578,0,0,0,0,0
18579,0,0,0,0,1
18879,0,0,0,0,0
19179,0,0,0,0,0
19479,0,0,0,0,0
19779,0,0,0,0,0
19809,0,0,0,0,1
20109,0,0,0,0,0
20181,1,0,0,0,1
20279,0,0,0,0,1
20579,0,0,0,0,0
20879,0,0,0,0,0
21179,0,0,0,0,0
21196,0,0,0,0,1
21496,0,0,0,0,0
21796,0,0,0,0,0
21825,0,0,0,0,1
22125,0,0,0,0,0
22155,0,0,0,0,1
22207,1,0,0,0,1
22507,0,0,0,0,0
22587,1,0,0,0,1
22887,0,0,0,0,0
23187,0,0,0,0,0
23315,0,0,0,0,1
23332,0,0,0,0,1
23632,0,0,0,0,0
23932,0,0,0,0,0
23962,0,0,0,0,1
24002,0,0,0,0,1
24302,0,0,0,0,0
24602,0,0,0,0,0
24902,0,0,0,0,0
25202,0,0,0,0,0
25217,0,0,0,0,1
25517,0,0,0,0,0
25570,0,0,0,0,1
25659,0,0,0,0,1
25959,0,0,0,0,0
26259,0,0,0,0,0
26260,0,0,0,0,1
26277,0,0,0,0,1
26577,0,0,0,0,0
26590,0,0,0,0,1
26629,0,0,0,0,1
26929,0,0,0,0,0
26963,0,0,0,0,1
27263,0,0,0,0,0
27344,0,0,0,0,1
27371,0,0,0,0,1
27402,0,0,0,0,1
27702,0,0,0,0,0
28002,0,0,0,0,0
28009,0,0,0,0,1
28309,0,0,0,0,0
28376,0,0,0,0,1
28676,0,0,0,0,0
28976,0,0,0,0,0
29022,0,0,0,0,1
29322,0,0,0,0,0
29622,0,0,0,0,0
29922,0,0,0,0,0
30222,0,0,0,0,0
30522,0,0,0,0,0
30822,0,0,0,0,0
31122,0,0,0,0,0
31422,0,0,0,0,0
31473,1,0,0,0,1
31663,0,0,0,0,1
31963,0,0,0,0,0
32263,0,0,0,0,0
32366,1,0,0,0,1
32666,0,0,0,0,0
32726,0,0,0,0,1
32736,0,0,0,0,1
33036,0,0,0,0,0
33336,0,0,0,0,0
33636,0,0,0,0,0
33648,0,0,0,0,1
33658,0,0,0,0,1
33759,1,0,0,0,1
34059,0,0,0,0,0
34359,0,0,0,0,0
34659,0,0,0,0,0
34748,1,0,0,0,1
35048,0,0,0,0,0
35348,0,0,0,0,0
35361,0,0,0,0,1
35415,0,0,0,0,1
35715,0,0,0,0,0
35770,0,0,0,0,1
35918,1,0,0,0,1
36145,0,0,0,0,1
36445,0,0,0,0,0
36745,0,0,0,0,0
37045,0,0,0,0,0
37345,0,0,0,0,0
37645,0,0,0,0,0
37785,1,0,0,0,1
38085,0,0,0,0,0
38385,0,0,0,0,0
38396,0,0,0,0,1
38414,0,0,0,0,1
38714,1,0,0,0,0
38918,1,0,0,0,1
38948,0,0,0,0,1
39248,0,0,0,0,0
39295,1,0,0,0,1
39366,1,0,0,0,1
39401,0,0,0,0,1
39420,0,0,0,0,1
39491,1,0,0,0,1
39791,0,0,0,0,0
40091,0,0,0,0,0
40134,0,0,0,0,1
40237,0,0,0,0,1
40427,1,0,0,0,1
40608,1,0,0,0,1
40908,1,0,0,0,0
41076,1,0,0,0,1
41376,0,0,0,0,0
41474,1,0,0,0,1
41486,1,0,0,0,1
41786,0,0,0,0,0
42086,0,0,0,0,0
42169,1,0,0,0,1
42383,1,0,0,0,1
42683,0,0,0,0,0
42684,0,0,0,0,1
42745,1,0,0,0,1
43045,0,0,0,0,0
43345,0,0,0,0,0
43370,1,0,0,0,1
43405,1,0,0,0,1
43705,0,0,0,0,0
43800,1,0,0,0,1
43844,1,0,0,0,1
43937,1,0,0,0,1
44237,0,0,0,0,0
44438,0,0,0,0,1
44502,0,0,0,0,1
44763,0,0,0,0,1
44782,0,0,0,0,1
44812,0,0,0,0,1
44925,0,0,0,0,1
45225,0,0,0,0,0
45233,0,0,0,0,1
45282,0,0,0,0,1
45318,0,0,0,0,1
45319,0,0,0,0,1
45375,1,0,0,0,1
45675,0,0,0,0,0
45848,0,0,0,0,1
45919,1,0,0,0,1
46089,1,0,0,0,1
46270,1,0,0,0,1
46491,1,0,0,0,1
46570,1,0,0,0,1
46870,1,0,0,0,0
47170,0,0,0,0,0
47470,0,0,0,0,0
47549,1,0,0,0,1
47849,0,0,0,0,0
48072,1,0,0,0,1
48195,0,0,0,0,1
48495,0,0,0,0,0
48558,0,0,0,0,1
48858,0,0,0,0,0
49158,0,0,0,0,0
49458,0,0,0,0,0
49476,0,0,0,0,1
49776,0,0,0,0,0
49876,1,0,0,0,1
50176,0,0,0,0,0
50195,0,0,0,0,1
50208,0,0,0,0,1
50258,1,0,0,0,1
50389,0,0,0,0,1
50449,1,0,0,0,1
50749,0,0,0,0,0
51049,0,0,0,0,0
51131,0,0,0,0,1
51431,0,0,0,0,0
51462,0,0,0,0,1
51483,0,0,0,0,1
51783,0,0,0,0,0
51802,0,0,0,0,1
52102,0,0,0,0,0
52402,0,0,0,0,0
52702,0,0,0,0,0
53002,0,0,0,0,0
53302,0,0,0,0,0
53361,0,0,0,0,1
53398,0,0,0,0,1
53698,0,0,0,0,0
53826,0,0,0,0,1
54119,0,0,0,0,1
54419,0,0,0,0,0
54491,1,0,0,0,1
54524,0,0,0,0,1
54620,0,0,0,0,1
54695,1,0,0,0,1
54896,0,0,0,0,1
55172,0,0,0,0,1
55472,0,0,0,0,0
55498,0,0,0,0,1
55798,0,0,0,0,0
55867,1,0,0,0,1
55948,1,0,0,0,1
56248,0,0,0,0,0
56312,0,0,0,0,1
56612,0,0,0,0,0
56706,1,0,0,0,1
56833,1,0,0,0,1
56902,1,0,0,0,1
57202,0,0,0,0,0
57233,0,0,0,0,1
57533,1,0,0,0,0
57628,0,0,0,0,1
57842,1,0,0,0,1
57886,0,0,0,0,1
58186,0,0,0,0,0
58277,0,0,0,0,1
58359,1,0,0,0,1
58659,0,0,0,0,0
58784,1,0,0,0,1
59084,0,0,0,0,0
59384,0,0,0,0,0
59530,1,0,0,0,1
59830,0,0,0,0,0
59857,0,0,0,0,1
59858,0,0,0,0,1
59868,0,0,0,0,1
60010,1,0,0,0,1
60070,0,0,0,0,1
60205,1,0,0,0,1
60471,0,0,0,0,1
60771,0,0,0,0,0
61071,1,1,0,0,0
61371,0,0,0,0,0
61671,0,0,0,0,0
61971,0,0,0,0,0
62178,1,0,0,0,1
62370,1,0,0,0,1
62409,0,0,0,0,1
62423,0,0,0,0,1
62528,1,0,0,0,1
62657,1,0,0,0,1
62957,0,0,0,0,0
63010,1,0,0,0,1
63227,1,0,0,0,1
63527,0,0,0,0,0
63551,1,0,0,0,1
63634,0,0,0,0,1
63934,0,0,0,0,0
64027,0,0,0,0,1
64080,0,0,0,0,1
64380,1,0,0,0,0
64680,0,0,0,0,0
64980,0,0,0,0,0
65000,0,0,0,0,1
65300,0,0,0,0,0
65421,1,0,0,0,1
65433,0,0,0,0,1
65601,1,0,0,0,1
65635,0,0,0,0,1
65935,0,0,0,0,0
66235,0,0,0,0,0
66535,0,0,0,0,0
66835,0,0,0,0,0
66944,1,0,0,0,1
67244,0,0,0,0,0
67272,0,0,0,0,1
67572,0,0,0,0,0
67573,0,0,0,0,1
67873,0,0,0,0,0
67940,0,0,0,0,1
68180,0,0,0,0,1
68375,0,0,0,0,1
68675,0,0,0,0,0
68721,0,0,0,0,1
68744,0,0,0,0,1
68814,1,0,0,0,1
68872,0,0,0,0,1
69172,0,0,0,0,0
69173,0,0,0,0,1
69473,0,0,0,0,0
69668,0,0,0,0,1
69749,1,0,0,0,1
70049,0,0,0,0,0
70349,0,0,0,0,0
70649,0,0,0,0,0
70949,0,0,0,0,0
71207,0,0,0,0,1
71507,1,0,0,0,0
71807,0,0,0,0,0
71808,0,0,0,0,1
72108,0,0,0,0,0
72408,0,0,0,0,0
72708,0,0,0,0,0
73008,0,0,0,0,0
73308,0,0,0,0,0
73608,0,0,0,0,0
73743,1,0,0,0,1
74043,1,0,0,0,0
74122,1,0,0,0,1
74332,0,0,0,0,1
74542,0,0,0,0,1
74842,0,0,0,0,0
74937,0,0,0,0,1
75237,0,0,0,0,0
75537,0,0,0,0,0
75837,0,0,0,0,0
75884,1,0,0,0,1
76184,0,0,0,0,0
76484,0,0,0,0,0
76527,1,0,0,0,1
76827,0,0,0,0,0
76902,1,0,0,0,1
77077,1,0,0,0,1
77377,1,1,0,0,0
77483,0,0,0,0,1
77484,0,0,0,0,1
77536,0,0,0,0,1
77551,0,0,0,0,1
77676,0,0,0,0,1
77688,0,0,0,0,1
77988,0,0,0,0,0
78288,1,0,0,0,0
78341,0,0,0,0,1
78641,0,0,0,0,0
78941,0,0,0,0,0
79241,0,0,0,0,0
79541,0,0,0,0,0
79841,0,0,0,0,0
80141,1,0,0,0,0
80441,0,0,0,0,0
80498,0,0,0,0,1
80509,0,0,0,0,1
80809,0,0,0,0,0
81109,0,0,0,0,0
81409,0,0,0,0,0
81538,1,0,0,0,1
81838,0,0,0,0,0
81854,1,0,0,0,1
82154,0,0,0,0,0
82454,0,0,0,0,0
82558,1,0,0,0,1
82858,1,1,0,0,0
83158,0,0,0,0,0
83458,0,0,0,0,0
83560,0,0,0,0,1
83602,0,0,0,0,1
83758,1,0,0,0,1
83865,1,0,0,0,1
84165,1,1,0,0,0
84200,0,0,0,0,1
84500,0,0,0,0,0
84515,0,0,0,0,1
84650,0,0,0,0,1
84950,1,1,0,0,0
85250,1,1,0,0,0
85377,1,0,0,0,1
85677,0,0,0,0,0
85977,0,0,0,0,0
86277,0,0,0,0,0
86389,1,0,0,0,1
86499,1,0,0,0,1
86595,0,0,0,0,1
86682,0,0,0,0,1
86775,0,0,0,0,1
86923,1,1,0,0,1
87223,1,1,0,0,0
87523,0,0,0,0,0
87823,1,1,0,0,0
87987,1,1,0,0,1
88287,0,0,0,0,0
88466,1,1,1,1,1
88766,1,1,0,0,0
89066,1,1,0,0,0
89194,0,0,0,0,1
89210,0,0,0,0,1
89219,0,0,0,0,1
89512,0,0,0,0,1
89558,0,0,0,0,1
89858,0,0,0,0,0
89950,0,0,0,0,1
90250,1,0,0,0,0
90305,1,0,0,0,1
90344,1,0,0,0,1
90644,0,0,0,0,0
90944,1,1,0,0,0
90960,0,0,0,0,1
91003,0,0,0,0,1
91303,0,0,0,0,0
91339,1,0,0,0,1
91639,0,0,0,0,0
91673,0,0,0,0,1
91973,0,0,0,0,0
92273,0,0,0,0,0
92573,0,0,0,0,0
92574,0,0,0,0,1
92874,0,0,0,0,0
92882,0,0,0,0,1
93182,0,0,0,0,0
93482,0,0,0,0,0
93510,0,0,0,0,1
93810,0,0,0,0,0
94110,0,0,0,0,0
94187,0,0,0,0,1
94188,0,0,0,0,1
94488,0,0,0,0,0
94788,1,1,0,0,0
94801,0,0,0,0,1
94958,0,0,0,0,1
95258,0,0,0,0,0
95275,0,0,0,0,1
95295,0,0,0,0,1
95317,0,0,0,0,1
95617,0,0,0,0,0
95917,0,0,0,0,0
96217,0,0,0,0,0
96320,0,0,0,0,1
96620,0,0,0,0,0
96621,0,0,0,0,1
96650,0,0,0,0,1
96737,0,0,0,0,1
97037,0,0,0,0,0
97337,1,1,0,0,0
97637,0,0,0,0,0
97662,0,0,0,0,1
97962,0,0,0,0,0
98262,0,0,0,0,0
98562,1,1,0,0,0
98862,1,1,0,0,0
99162,0,0,0,0,0
99462,1,1,0,0,0
99593,1,0,0,0,1
99696,0,0,0,0,1
99809,1,0,0,0,1
100109,0,0,0,0,0
100222,1,0,0,0,1
100522,1,1,0,0,0
100822,1,1,0,0,0
100953,1,0,0,0,1
101253,1,1,0,0,0
101553,0,0,0,0,0
101667,1,0,0,0,1
101668,0,0,0,0,1
101711,0,0,0,0,1
102011,1,1,0,0,0
102186,1,1,0,0,1
102486,1,1,0,0,0
102786,0,0,0,0,0
102826,0,0,0,0,1
103126,0,0,0,0,0
103206,0,0,0,0,1
103330,1,0,0,0,1
103460,1,0,0,0,1
103569,0,0,0,0,1
103869,1,0,0,0,0
104169,0,0,0,0,0
104331,1,0,0,0,1
104576,0,0,0,0,1
104876,0,0,0,0,0
105176,0,0,0,0,0
105476,1,1,0,0,0
105477,0,0,0,0,1
105638,1,0,0,0,1
105938,1,1,0,0,0
106238,0,0,0,0,0
106538,0,0,0,0,0
106838,1,1,0,0,0
106910,0,0,0,0,1
107000,1,0,0,0,1
107029,0,0,0,0,1
107080,0,0,0,0,1
107115,0,0,0,0,1
107252,1,0,0,0,1
107300,1,0,0,0,1
107340,1,0,0,0,1
107640,0,0,0,0,0
107940,0,0,0,0,0
108082,1,0,0,0,1
108382,0,0,0,0,0
108383,0,0,0,0,1
108683,0,0,0,0,0
108983,1,1,0,0,0
109020,1,0,0,0,1
109059,0,0,0,0,1
109091,0,0,0,0,1
109157,0,0,0,0,1
109457,0,0,0,0,0
109500,0,0,0,0,1
109800,1,1,0,0,0
109822,0,0,0,0,1
110122,1,0,0,0,0
110422,1,0,0,0,0
110722,0,0,0,0,0
110790,0,0,0,0,1
110870,0,0,0,0,1
110871,0,0,0,0,1
110996,1,0,0,0,1
111296,0,0,0,0,0
111596,0,0,0,0,0
111725,1,0,0,0,1
112025,0,0,0,0,0
112074,0,0,0,0,1
112146,1,0,0,0,1
112336,1,0,0,0,1
112636,0,0,0,0,0
112786,1,0,0,0,1
113086,1,1,0,0,0
113126,0,0,0,0,1
113426,1,0,0,0,0
113726,1,0,0,0,0
114026,1,1,0,0,0
114132,1,0,0,0,1
114259,1,0,0,0,1
114269,0,0,0,0,1
114569,0,0,0,0,0
114869,1,1,0,0,0
115169,0,0,0,0,0
115269,1,0,0,0,1
115293,0,0,0,0,1
115593,0,0,0,0,0
115893,0,0,0,0,0
116020,1,0,0,0,1
116146,1,0,0,0,1
116446,0,0,0,0,0
116746,0,0,0,0,0
117046,0,0,0,0,0
117131,0,0,0,0,1
117431,0,0,0,0,0
117625,1,0,0,0,1
117752,1,0,0,0,1
117839,1,0,0,0,1
118139,0,0,0,0,0
118185,0,0,0,0,1
118485,1,0,0,0,0
118512,0,0,0,0,1
118548,0,0,0,0,1
118590,1,0,0,0,1
118699,1,0,0,0,1
118999,0,0,0,0,0
119016,0,0,0,0,1
119316,1,1,0,0,0
119385,1,0,0,0,1
119685,0,0,0,0,0
119812,1,0,0,0,1
119865,0,0,0,0,1
120165,0,0,0,0,0
120189,0,0,0,0,1
120380,1,0,0,0,1
120405,0,0,0,0,1
120705,0,0,0,0,0
121005,0,0,0,0,0
121305,0,0,0,0,0
121605,0,0,0,0,0
121905,1,1,0,0,0
122205,1,0,0,0,0
122403,1,0,0,0,1
122703,1,1,0,0,0
123003,1,1,0,0,0
123004,0,0,0,0,1
123304,1,0,0,0,0
123445,1,0,0,0,1
123618,1,0,0,0,1
123669,0,0,0,0,1
123969,1,1,0,0,0
124000,0,0,0,0,1
124010,0,0,0,0,1
124310,1,0,0,0,0
124610,1,1,0,0,0
124740,1,0,0,0,1
124886,1,0,0,0,1
125053,1,0,0,0,1
125178,1,0,0,0,1
125478,1,0,0,0,0
125778,0,0,0,0,0
126078,1,1,0,0,0
126291,1,0,0,0,1
126397,1,0,0,0,1
126487,1,0,0,0,1
126787,0,0,0,0,0
127087,0,0,0,0,0
127182,1,0,0,0,1
127252,1,0,0,0,1
127354,1,0,0,0,1
127450,1,0,0,0,1
127508,1,0,0,0,1
127808,0,0,0,0,0
127841,0,0,0,0,1
127915,1,0,0,0,1
128215,0,0,0,0,0
128463,0,0,0,0,1
128763,0,0,0,0,0
129063,1,1,0,0,0
129121,0,0,0,0,1
129315,0,0,0,0,1
129417,1,0,0,0,1
129717,1,1,0,0,0
129805,1,0,0,0,1
130105,0,0,0,0,0
130224,0,0,0,0,1
130524,0,0,0,0,0
130614,1,0,0,0,1
130682,0,0,0,0,1
130785,1,0,0,0,1
130890,1,0,0,0,1
131190,1,1,0,0,0
131293,1,0,0,0,1
131593,1,0,0,0,0
131741,1,1,0,0,1
131941,0,0,0,0,1
132056,1,0,0,0,1
132101,0,0,0,0,1
132137,0,0,0,0,1
132269,1,0,0,0,1
132569,1,1,0,0,0
132869,1,0,0,0,0
132931,1,0,0,0,1
132932,0,0,0,0,1
132966,0,0,0,0,1
133266,0,0,0,0,0
133566,0,0,0,0,0
133764,0,0,0,0,1
134064,0,0,0,0,0
134364,0,0,0,0,0
134664,0,0,0,0,0
134909,0,0,0,0,1
135209,0,0,0,0,0
135509,0,0,0,0,0
135537,0,0,0,0,1
135589,0,0,0,0,1
135627,0,0,0,0,1
135927,1,1,0,0,0
136227,0,0,0,0,0
136526,0,0,0,0,1
136547,0,0,0,0,1
136709,1,0,0,0,1
136793,1,0,0,0,1
136902,0,0,0,0,1
137088,1,0,0,0,1
137248,0,0,0,0,1
137548,1,0,0,0,0
137848,0,0,0,0,0
138148,0,0,0,0,0
138448,1,0,0,0,0
138663,1,0,0,0,1
138834,1,0,0,0,1
139031,1,0,0,0,1
139331,0,0,0,0,0
139631,0,0,0,0,0
139931,0,0,0,0,0
139953,0,0,0,0,1
140253,0,0,0,0,0
140553,0,0,0,0,0
140853,0,0,0,0,0
140965,1,0,0,0,1
141216,1,0,0,0,1
141516,0,0,0,0,0
141816,0,0,0,0,0
142116,0,0,0,0,0
142416,0,0,0,0,0
142417,0,0,0,0,1
142717,0,0,0,0,0
143017,0,0,0,0,0
143317,0,0,0,0,0
143617,0,0,0,0,0
143674,0,0,0,0,1
143714,0,0,0,0,1
143764,0,0,0,0,1
144064,0,0,0,0,0
144364,1,1,0,0,0
144399,0,0,0,0,1
144699,0,0,0,0,0
144999,0,0,0,0,0
145012,0,0,0,0,1
145035,0,0,0,0,1
145055,0,0,0,0,1
145355,1,1,0,0,0
145655,0,0,0,0,0
145955,1,0,0,0,0
146049,0,0,0,0,1
146050,0,0,0,0,1
146167,1,0,0,0,1
146233,0,0,0,0,1
146533,0,0,0,0,0
146833,0,0,0,0,0
147133,0,0,0,0,0
147433,1,1,0,0,0
147458,0,0,0,0,1
147758,1,1,0,0,0
148041,0,0,0,0,1
148341,0,0,0,0,0
148641,0,0,0,0,0
148941,0,0,0,0,0
149002,1,0,0,0,1
149302,1,0,0,0,0
149602,1,1,0,0,0
149902,0,0,0,0,0
150202,1,1,0,0,0
150502,1,1,0,0,0
150533,0,0,0,0,1
150566,0,0,0,0,1
150866,0,0,0,0,0
151166,0,0,0,0,0
151466,0,0,0,0,0
151766,1,1,0,0,0
152066,1,1,0,0,0
152366,1,0,0,0,0
152666,0,0,0,0,0
152966,0,0,0,0,0
153141,1,0,0,0,1
153441,0,0,0,0,0
153451,0,0,0,0,1
153751,0,0,0,0,0
154051,1,0,0,0,0
154351,0,0,0,0,0
154651,0,0,0,0,0
154652,0,0,0,0,1
154952,0,0,0,0,0
155252,0,0,0,0,0
155552,0,0,0,0,0
155802,1,0,0,0,1
156102,0,0,0,0,0
156402,0,0,0,0,0
156702,0,0,0,0,0
157002,0,0,0,0,0
157121,0,0,0,0,1
157138,0,0,0,0,1
157438,0,0,0,0,0
157738,0,0,0,0,0
158038,0,0,0,0,0
158338,0,0,0,0,0
158357,0,0,0,0,1
158657,0,0,0,0,0
158957,0,0,0,0,0
159257,0,0,0,0,0
159557,0,0,0,0,0
159857,0,0,0,0,0
160157,1,1,0,0,0
160170,0,0,0,0,1
160470,1,0,0,0,0
160770,1,1,0,0,0
161070,1,1,0,0,0
161370,1,1,0,0,0
161670,1,1,0,0,0
161970,0,0,0,0,0
162270,0,0,0,0,0
162570,0,0,0,0,0
162788,1,0,0,0,1
163088,0,0,0,0,0
163311,1,0,0,0,1
163433,1,0,0,0,1
163583,1,0,0,0,1
163784,0,0,0,0,1
163979,1,0,0,0,1
164279,0,0,0,0,0
164579,0,0,0,0,0
164859,1,1,1,1,0
164867,0,0,0,0,1
165007,1,0,0,0,1
165307,1,1,0,0,0
165387,0,0,0,0,1
165687,0,0,0,0,0
165987,0,0,0,0,0
166287,1,0,0,0,0
166445,0,0,0,0,1
166745,0,0,0,0,0
166787,0,0,0,0,1
167087,0,0,0,0,0
167387,1,1,0,0,0
167687,1,0,0,0,0
167749,0,0,0,0,1
168049,0,0,0,0,0
168349,0,0,0,0,0
168649,1,0,0,0,0
168949,1,1,0,0,0
169006,0,0,0,0,1
169306,1,1,0,0,0
169606,1,1,0,0,0
169906,0,0,0,0,0
170206,1,1,0,0,0
170207,0,0,0,0,1
170254,0,0,0,0,1
170554,1,1,0,0,0
170854,1,1,0,0,0
171154,1,1,0,0,0
171454,1,1,0,0,0
171455,0,0,0,0,1
171755,1,1,0,0,0
172055,1,1,0,0,0
172355,1,0,0,0,0
172655,1,1,0,0,0
172955,0,0,0,0,0
173255,0,0,0,0,0
173555,1,1,0,0,0
173855,1,1,0,0,0
173856,0,0,0,0,1
173887,0,0,0,0,1
174187,1,1,0,0,0
174278,1,0,0,0,1
174284,0,0,0,0,1
174584,0,0,0,0,0
174644,1,0,0,0,1
174805,1,0,0,0,1
175105,1,1,0,0,0
175405,1,1,0,0,0
175561,1,1,0,0,1
175603,0,0,0,0,1
175761,1,1,1,1,0
176061,1,1,0,0,0
176223,1,1,0,0,1
176523,1,1,0,0,0
176823,1,0,0,0,0
176852,0,0,0,0,1
176890,0,0,0,0,1
177190,1,1,0,0,0
177338,1,1,0,0,1
177638,1,1,0,0,0
177938,1,1,0,0,0
178238,1,1,0,0,0
178538,1,0,0,0,0
178576,0,0,0,0,1
178876,1,1,0,0,0
179176,0,0,0,0,0
179440,1,1,0,0,1
179632,1,1,0,0,1
179694,0,0,0,0,1
179994,1,0,0,0,0
180294,1,0,0,0,0
180362,1,0,0,0,1
180401,0,0,0,0,1
180701,1,1,0,0,0
180845,1,0,0,0,1
181145,0,0,0,0,0
181293,1,0,0,0,1
181593,1,0,0,0,0
181893,0,0,0,0,0
181978,1,0,0,0,1
182129,1,0,0,0,1
182429,0,0,0,0,0
182476,0,0,0,0,1
182776,0,0,0,0,0
183076,0,0,0,0,0
183376,0,0,0,0,0
183676,0,0,0,0,0
183708,0,0,0,0,1
183755,0,0,0,0,1
183845,1,0,0,0,1
184145,1,0,0,0,0
184445,0,0,0,0,0
184745,1,0,0,0,0
184854,1,0,0,0,1
185015,1,0,0,0,1
185315,0,0,0,0,0
185615,0,0,0,0,0
185915,0,0,0,0,0
186215,1,0,0,0,0
186515,0,0,0,0,0
186815,1,1,0,0,0
186858,1,0,0,0,1
187148,0,0,0,0,1
187448,0,0,0,0,0
187748,0,0,0,0,0
188048,1,1,0,0,0
188348,1,1,0,0,0
188648,1,1,0,0,0
188948,1,0,0,0,0
189248,1,0,0,0,0
189280,0,0,0,0,1
189363,0,0,0,0,1
189663,1,0,0,0,0
189963,1,0,0,0,0
190263,1,0,0,0,0
190503,1,0,0,0,1
190803,0,0,0,0,0
191103,0,0,0,0,0
191403,1,0,0,0,0
191527,1,0,0,0,1
191827,0,0,0,0,0
192127,0,0,0,0,0
192427,0,0,0,0,0
192428,0,0,0,0,1
192728,1,0,0,0,0
193028,0,0,0,0,0
193193,0,0,0,0,1
193337,1,0,0,0,1
193404,1,0,0,0,1
193626,1,1,1,1,0
193832,1,0,0,0,1
193858,1,0,0,0,1
193967,1,0,0,0,1
194036,1,0,0,0,1
194173,1,0,0,0,1
194233,1,0,0,0,1
194321,1,0,0,0,1
194385,1,0,0,0,1
194435,0,0,0,0,1
194555,1,0,0,0,1
194855,0,0,0,0,0
194923,1,0,0,0,1
195047,1,0,0,0,1
195188,1,0,0,0,1
195310,1,0,0,0,1
195324,0,0,0,0,1
195392,1,0,0,0,1
195482,0,0,0,0,1
195630,1,0,0,0,1
195707,1,0,0,0,1
195793,1,0,0,0,1
195896,1,0,0,0,1
195975,1,0,0,0,1
196275,0,0,0,0,0
196575,0,0,0,0,0
196875,1,1,0,0,0
196991,1,0,0,0,1
197145,1,0,0,0,1
197308,1,1,0,0,1
197608,1,0,0,0,0
197908,1,0,0,0,0
198208,0,0,0,0,0
198508,1,0,0,0,0
198808,1,1,0,0,0
198939,1,0,0,0,1
198970,0,0,0,0,1
199015,0,0,0,0,1
199043,1,0,0,0,1
199044,0,0,0,0,1
199344,1,1,0,0,0
199517,1,0,0,0,1
199817,1,1,0,0,0
200117,0,0,0,0,0
200417,1,1,1,0,0
200717,0,0,0,0,0
201017,1,1,0,0,0
201076,1,0,0,0,1
201138,1,0,0,0,1
201438,0,0,0,0,0
201738,1,1,0,0,0
201912,1,1,1,1,0
202034,1,0,0,0,1
202334,1,1,0,0,0
202456,0,0,0,0,1
202756,1,1,0,0,0
203056,1,1,0,0,0
203075,0,0,0,0,1
203375,1,1,0,0,0
203675,1,0,0,0,0
203975,1,0,0,0,0
204275,1,0,0,0,0
204575,1,0,0,0,0
204875,1,0,0,0,0
205152,0,0,0,0,1
205153,0,0,0,0,1
205433,1,0,0,0,1
205733,0,0,0,0,0
206033,1,0,0,0,0
206247,1,0,0,0,1
206547,0,0,0,0,0
206666,0,0,0,0,1
206966,0,0,0,0,0
207266,0,0,0,0,0
207566,0,0,0,0,0
207866,0,0,0,0,0
207966,0,0,0,0,1
208036,0,0,0,0,1
208336,0,0,0,0,0
208636,0,0,0,0,0
208936,1,0,0,0,0
209236,0,0,0,0,0
209536,1,1,0,0,0
209836,0,0,0,0,0
210136,0,0,0,0,0
210436,1,1,0,0,0
210617,1,1,1,1,0
210917,1,1,0,0,0
211185,1,1,1,1,0
211443,1,1,1,1,0
211743,1,1,0,0,0
212043,1,1,0,0,0
212343,1,1,0,0,0
212421,0,0,0,0,1
212721,1,1,0,0,0
213021,1,1,0,0,0
213321,0,0,0,0,0
213621,1,1,0,0,0
213921,1,1,0,0,0
214221,1,1,0,0,0
214450,0,0,0,0,1
214750,1,1,0,0,0
215050,0,0,0,0,0
215350,1,1,0,0,0
215385,0,0,0,0,1
215685,1,1,0,0,0
215985,1,1,0,0,0
216285,1,1,0,0,0
216585,1,1,0,0,0
216626,0,0,0,0,1
216926,1,1,0,0,0
216995,0,0,0,0,1
217295,1,1,0,0,0
217595,1,1,1,1,0
217895,0,0,0,0,0
217932,0,0,0,0,1
217970,0,0,0,0,1
218124,1,1,1,1,0
218424,1,1,0,0,0
218548,1,1,1,1,0
218705,1,1,1,1,0
218799,1,0,0,0,1
219099,1,1,0,0,0
219399,1,1,0,0,0
219699,0,0,0,0,0
219758,0,0,0,0,1
219875,1,0,0,0,1
219931,0,0,0,0,1
220231,0,0,0,0,0
220531,0,0,0,0,0
220831,0,0,0,0,0
221131,0,0,0,0,0
221431,0,0,0,0,0
221551,1,0,0,0,1
221851,0,0,0,0,0
222151,1,1,0,0,0
222247,1,0,0,0,1
222485,1,0,0,0,1
222785,1,0,0,0,0
222890,1,0,0,0,1
223016,1,0,0,0,1
223316,0,0,0,0,0
223616,0,0,0,0,0
223784,1,0,0,0,1
223896,1,0,0,0,1
224048,1,0,0,0,1
224171,1,0,0,0,1
224471,1,0,0,0,0
224771,1,0,0,0,0
224950,0,0,0,0,1
225250,0,0,0,0,0
225550,1,1,0,0,0
225717,1,0,0,0,1
226017,1,0,0,0,0
226042,0,0,0,0,1
226240,1,0,0,0,1
226375,1,0,0,0,1
226410,0,0,0,0,1
226557,1,0,0,0,1
226824,1,0,0,0,1
226977,1,0,0,0,1
227129,0,0,0,0,1
227429,1,0,0,0,0
227639,1,0,0,0,1
227767,1,0,0,0,1
227914,1,0,0,0,1
228214,0,0,0,0,0
228341,1,0,0,0,1
228448,1,0,0,0,1
228748,0,0,0,0,0
229048,0,0,0,0,0
229083,1,0,0,0,1
229179,0,0,0,0,1
229479,0,0,0,0,0
229624,1,1,0,0,1
229718,1,0,0,0,1
229821,1,0,0,0,1
230121,0,0,0,0,0
230421,1,1,0,0,0
230534,1,1,0,0,1
230834,1,1,0,0,0
230949,1,0,0,0,1
230950,0,0,0,0,1
231250,1,0,0,0,0
231550,0,0,0,0,0
231680,1,0,0,0,1
231980,1,1,0,0,0
232280,1,1,0,0,0
232580,1,1,0,0,0
232880,1,0,0,0,0
232993,1,0,0,0,1
233179,1,1,1,1,0
233479,1,1,0,0,0
233779,1,1,1,1,0
233816,0,0,0,0,1
234116,1,1,1,0,0
234209,1,0,0,0,1
234252,0,0,0,0,1
234298,0,0,0,0,1
234396,1,0,0,0,1
234479,1,0,0,0,1
234779,1,1,0,0,0
234854,1,0,0,0,1
234949,1,0,0,0,1
235070,1,0,0,0,1
235171,1,0,0,0,1
235270,1,0,0,0,1
235570,0,0,0,0,0
235571,0,0,0,0,1
235765,1,0,0,0,1
235862,1,0,0,0,1
236009,1,0,0,0,1
236309,1,0,0,0,0
236337,0,0,0,0,1
236637,1,1,0,0,0
236838,1,0,0,0,1
237138,0,0,0,0,0
237354,1,0,0,0,1
237654,0,0,0,0,0
237677,0,0,0,0,1
237755,1,0,0,0,1
238055,1,1,0,0,0
238355,1,1,0,0,0
238655,1,1,0,0,0
238955,1,1,0,0,0
239255,0,0,0,0,0
239555,1,0,0,0,0
239855,0,0,0,0,0
239856,0,0,0,0,1
240156,1,0,0,0,0
240456,1,1,0,0,0
240485,0,0,0,0,1
240740,1,1,1,0,1
241040,1,0,0,0,0
241162,1,0,0,0,1
241212,1,0,0,0,1
241512,1,0,0,0,0
241654,1,0,0,0,1
241954,0,0,0,0,0
242254,1,1,0,0,0
242554,1,0,0,0,0
242689,1,0,0,0,1
242758,1,0,0,0,1
243058,1,0,0,0,0
243358,0,0,0,0,0
243582,1,0,0,0,1
243738,1,0,0,0,1
243921,1,1,0,0,1
244221,0,0,0,0,0
244331,1,0,0,0,1
244339,0,0,0,0,1
244639,0,0,0,0,0
244939,0,0,0,0,0
245015,1,0,0,0,1
245315,0,0,0,0,0
245325,0,0,0,0,1
245443,1,0,0,0,1
245743,0,0,0,0,0
246043,0,0,0,0,0
246160,1,0,0,0,1
246302,1,0,0,0,1
246602,0,0,0,0,0
246902,1,0,0,0,0
247115,1,0,0,0,1
247415,1,1,1,0,0
247448,0,0,0,0,1
247520,0,0,0,0,1
247820,1,1,0,0,0
248120,1,1,1,0,0
248420,1,0,0,0,0
248670,1,0,0,0,1
248970,1,1,0,0,0
249008,0,0,0,0,1
249051,0,0,0,0,1
249234,1,0,0,0,1
249534,1,1,0,0,0
249834,0,0,0,0,0
249912,1,0,0,0,1
250212,1,0,0,0,0
250512,1,0,0,0,0
250536,0,0,0,0,1
250836,1,1,0,0,0
251136,1,1,0,0,0
251436,1,0,0,0,0
251492,1,0,0,0,1
251792,0,0,0,0,0
251826,1,0,0,0,1
251938,1,0,0,0,1
252238,1,1,0,0,0
252276,1,0,0,0,1
252277,0,0,0,0,1
252309,1,0,0,0,1
252609,1,1,0,0,0
252757,1,0,0,0,1
253057,0,0,0,0,0
253188,1,1,0,0,1
253488,0,0,0,0,0
253597,1,0,0,0,1
253897,1,0,0,0,0
254007,1,0,0,0,1
254307,1,0,0,0,0
254607,1,1,0,0,0
254907,1,1,0,0,0
255049,1,0,0,0,1
255109,0,0,0,0,1
255182,1,0,0,0,1
255482,1,0,0,0,0
255527,0,0,0,0,1
255827,1,0,0,0,0
255983,1,0,0,0,1
256283,0,0,0,0,0
256380,1,0,0,0,1
256489,1,0,0,0,1
256576,1,0,0,0,1
256671,1,0,0,0,1
256809,1,0,0,0,1
256919,1,0,0,0,1
256990,0,0,0,0,1
257164,1,0,0,0,1
257245,0,0,0,0,1
257341,1,0,0,0,1
257503,1,0,0,0,1
257803,1,0,0,0,0
258103,1,0,0,0,0
258224,1,0,0,0,1
258524,0,0,0,0,0
258649,1,0,0,0,1
258781,1,0,0,0,1
258886,1,0,0,0,1
259015,1,0,0,0,1
259315,1,0,0,0,0
259417,1,0,0,0,1
259717,1,0,0,0,0
259805,1,0,0,0,1
259897,1,0,0,0,1
260197,1,1,0,0,0
260497,1,1,0,0,0
260635,1,0,0,0,1
260729,1,0,0,0,1
260818,1,0,0,0,1
261118,1,1,0,0,0
261216,1,0,0,0,1
261302,1,0,0,0,1
261602,1,0,0,0,0
261896,1,0,0,0,1
262196,1,1,0,0,0
262306,1,0,0,0,1
262404,1,0,0,0,1
262704,1,1,0,0,0
262905,1,0,0,0,1
263205,1,1,0,0,0
263323,1,0,0,0,1
263507,1,0,0,0,1
263629,1,0,0,0,1
263727,1,0,0,0,1
263831,1,0,0,0,1
264131,1,1,0,0,0
264431,1,0,0,0,0
264432,0,0,0,0,1
264533,1,0,0,0,1
264627,1,0,0,0,1
264816,1,0,0,0,1
264955,1,0,0,0,1
265119,1,0,0,0,1
265120,0,0,0,0,1
265221,1,0,0,0,1
265521,1,1,0,0,0
265749,1,0,0,0,1
265909,1,0,0,0,1
266014,1,0,0,0,1
266040,1,0,0,0,1
266134,1,0,0,0,1
266225,1,0,0,0,1
266525,1,1,0,0,0
266825,1,0,0,0,0
266902,1,0,0,0,1
267013,1,0,0,0,1
267192,1,0,0,0,1
267363,1,0,0,0,1
267498,1,0,0,0,1
267798,1,1,0,0,0
268042,1,0,0,0,1
268155,1,0,0,0,1
268327,1,0,0,0,1
268430,1,0,0,0,1
268505,1,0,0,0,1
268574,1,0,0,0,1
268874,1,0,0,0,0
269174,1,1,1,0,0
269474,1,0,0,0,0
269774,1,1,1,0,0
270074,1,1,1,0,0
270209,1,0,0,0,1
270509,1,1,0,0,0
270809,1,0,0,0,0
271109,1,1,1,0,0
271110,0,0,0,0,1
271321,1,0,0,0,1
271621,1,0,0,0,0
271921,1,0,0,0,0
271970,0,0,0,0,1
272270,1,0,0,0,0
272433,1,0,0,0,1
272496,0,0,0,0,1
272628,1,0,0,0,1
272737,1,0,0,0,1
273037,0,0,0,0,0
273187,1,0,0,0,1
273267,1,0,0,0,1
273268,0,0,0,0,1
273392,0,0,0,0,1
273483,1,0,0,0,1
273783,1,1,0,0,0
274083,1,1,0,0,0
274383,1,1,0,0,0
274465,1,0,0,0,1
274765,1,1,0,0,0
274893,1,0,0,0,1
275193,1,1,0,0,0
275429,1,0,0,0,1
275729,1,1,1,0,0
275855,1,0,0,0,1
275948,0,0,0,0,1
276248,1,0,0,0,0
276477,1,0,0,0,1
276667,1,0,0,0,1
276901,1,0,0,0,1
277201,0,0,0,0,0
277495,1,0,0,0,1
277795,0,0,0,0,0
277920,1,0,0,0,1
278220,0,0,0,0,0
278520,0,0,0,0,0
278820,1,0,0,0,0
279120,0,0,0,0,0
279146,0,0,0,0,1
279265,1,0,0,0,1
279565,0,0,0,0,0
279865,0,0,0,0,0
280165,0,0,0,0,0
280465,0,0,0,0,0
280765,0,0,0,0,0
281065,0,0,0,0,0
281212,0,0,0,0,1
281456,0,0,0,0,1
281633,0,0,0,0,1
281717,1,0,0,0,1
282017,0,0,0,0,0
282317,0,0,0,0,0
282617,1,0,0,0,0
282917,0,0,0,0,0
283217,0,0,0,0,0
283336,1,0,0,0,1
283636,0,0,0,0,0
283837,1,0,0,0,1
284137,1,1,0,0,0
284437,0,0,0,0,0
284737,1,1,0,0,0
284850,1,0,0,0,1
284985,1,0,0,0,1
285113,1,0,0,0,1
285240,1,0,0,0,1
285333,1,0,0,0,1
285558,1,0,0,0,1
285858,1,0,0,0,0
285887,0,0,0,0,1
286187,1,0,0,0,0
286487,1,1,0,0,0
286594,1,0,0,0,1
286894,1,0,0,0,0
287145,1,1,0,0,1
287342,1,1,0,0,1
287642,1,0,0,0,0
287674,1,0,0,0,1
287811,1,0,0,0,1
288111,1,1,0,0,0
288411,1,1,0,0,0
288437,0,0,0,0,1
288737,1,1,0,0,0
288886,0,0,0,0,1
288908,0,0,0,0,1
289208,1,0,0,0,0
289508,1,1,0,0,0
289808,1,1,0,0,0
290108,1,0,0,0,0
290109,0,0,0,0,1
290409,1,1,0,0,0
290709,1,1,0,0,0
290710,0,0,0,0,1
290737,1,0,0,0,1
291037,1,1,0,0,0
291337,0,0,0,0,0
291561,1,1,1,1,0
291861,1,1,0,0,0
292161,1,1,0,0,0
292461,1,1,0,0,0
292761,1,1,0,0,0
293061,1,1,0,0,0
293361,1,0,0,0,0
293661,1,0,0,0,0
293961,1,1,0,0,0
294261,1,1,0,0,0
294561,1,1,0,0,0
294861,1,1,0,0,0
294888,0,0,0,0,1
295188,1,1,0,0,0
295221,0,0,0,0,1
295258,1,0,0,0,1
295558,0,0,0,0,0
295858,1,1,0,0,0
296158,1,0,0,0,0
296191,0,0,0,0,1
296491,0,0,0,0,0
296791,1,1,0,0,0
297091,1,0,0,0,0
297391,1,1,0,0,0
297459,1,0,0,0,1
297759,1,1,0,0,0
297792,0,0,0,0,1
298092,1,0,0,0,0
298392,1,1,0,0,0
298429,0,0,0,0,1
298729,1,1,0,0,0
299029,1,1,0,0,0
299329,1,1,0,0,0
299629,1,1,0,0,0
299929,1,1,0,0,0
300056,1,0,0,0,1
300356,1,1,0,0,0
300425,1,0,0,0,1
300426,0,0,0,0,1
300520,1,0,0,0,1
300633,1,1,0,0,1
300740,1,0,0,0,1
300863,1,0,0,0,1
301163,1,0,0,0,0
301260,1,0,0,0,1
301357,1,0,0,0,1
301424,1,0,0,0,1
301582,1,1,0,0,1
301689,1,0,0,0,1
301829,1,0,0,0,1
302129,1,0,0,0,0
302429,1,0,0,0,0
302486,0,0,0,0,1
302628,1,0,0,0,1
302722,1,0,0,0,1
302844,1,0,0,0,1
302915,1,0,0,0,1
302953,1,0,0,0,1
303253,1,1,0,0,0
303312,1,0,0,0,1
303313,0,0,0,0,1
303433,1,0,0,0,1
303562,1,0,0,0,1
303693,1,0,0,0,1
303993,1,1,0,0,0
303994,0,0,0,0,1
304294,1,1,1,0,0
304460,1,0,0,0,1
304573,1,0,0,0,1
304678,1,0,0,0,1
304978,1,1,1,0,0
305033,1,0,0,0,1
305164,1,0,0,0,1
305227,0,0,0,0,1
305527,1,1,1,0,0
305827,1,1,0,0,0
306127,1,1,0,0,0
306427,1,0,0,0,0
306727,1,1,0,0,0
307027,1,1,0,0,0
307136,1,0,0,0,1
307151,0,0,0,0,1
307334,1,1,0,0,1
307634,0,0,0,0,0
307934,1,1,0,0,0
308234,0,0,0,0,0
308527,1,1,0,0,1
308827,1,1,0,0,0
309127,0,0,0,0,0
309281,1,0,0,0,1
309388,1,0,0,0,1
309457,0,0,0,0,1
309490,0,0,0,0,1
309697,0,0,0,0,1
309997,1,1,0,0,0
310297,1,1,0,0,0
310597,1,1,0,0,0
310897,1,1,0,0,0
311197,1,1,0,0,0
311497,1,0,0,0,0
311583,1,0,0,0,1
311883,1,0,0,0,0
312083,1,1,0,0,1
312383,1,1,0,0,0
312683,1,1,0,0,0
312983,1,0,0,0,0
313283,1,1,1,0,0
313583,1,1,0,0,0
313635,1,0,0,0,1
313636,0,0,0,0,1
313680,1,0,0,0,1
313980,1,1,0,0,0
314280,1,1,0,0,0
314580,1,1,0,0,0
314880,1,1,0,0,0
315180,1,1,0,0,0
315480,1,1,0,0,0
315780,1,1,0,0,0
316080,1,1,0,0,0
316380,1,1,0,0,0
316680,1,1,0,0,0
316722,1,0,0,0,1
317022,1,1,0,0,0
317322,1,1,0,0,0
317622,1,1,0,0,0
317922,1,1,0,0,0
318222,1,1,0,0,0
318522,1,1,0,0,0
318551,1,0,0,0,1
318851,1,1,0,0,0
318852,0,0,0,0,1
319152,1,0,0,0,0
319452,1,1,0,0,0
319643,1,0,0,0,1
319714,1,0,0,0,1
319715,0,0,0,0,1
319879,1,0,0,0,1
319985,1,1,0,0,1
320041,1,0,0,0,1
320341,1,1,0,0,0
320463,1,0,0,0,1
320763,1,0,0,0,0
320786,0,0,0,0,1
321086,1,0,0,0,0
321386,1,0,0,0,0
321515,1,0,0,0,1
321638,1,0,0,0,1
321781,1,0,0,0,1
322081,1,0,0,0,0
322191,1,0,0,0,1
322280,1,0,0,0,1
322435,1,0,0,0,1
322735,0,0,0,0,0
322836,1,0,0,0,1
322928,1,0,0,0,1
323156,1,0,0,0,1
323456,0,0,0,0,0
323756,1,0,0,0,0
323817,1,0,0,0,1
323901,1,0,0,0,1
324201,1,0,0,0,0
324501,1,0,0,0,0
324801,1,1,0,0,0
325101,0,0,0,0,0
325401,0,0,0,0,0
325449,0,0,0,0,1
325749,1,0,0,0,0
325876,1,1,0,0,1
326176,0,0,0,0,0
326476,1,0,0,0,0
326527,1,0,0,0,1
326827,1,1,0,0,0
326860,0,0,0,0,1
327160,1,1,0,0,0
327460,1,1,0,0,0
327760,0,0,0,0,0
328060,1,1,0,0,0
328090,0,0,0,0,1
328172,1,0,0,0,1
328442,1,0,0,0,1
328520,1,0,0,0,1
328632,1,0,0,0,1
328656,0,0,0,0,1
328804,1,0,0,0,1
328985,1,0,0,0,1
329079,1,0,0,0,1
329379,1,1,0,0,0
329380,0,0,0,0,1
329680,1,1,0,0,0
329980,1,1,0,0,0
330280,1,0,0,0,0
330404,1,0,0,0,1
330434,0,0,0,0,1
330734,0,0,0,0,0
330927,1,0,0,0,1
331070,1,0,0,0,1
331284,1,0,0,0,1
331463,1,0,0,0,1
331558,1,0,0,0,1
331858,0,0,0,0,0
332158,0,0,0,0,0
332458,0,0,0,0,0
332758,0,0,0,0,0
333058,0,0,0,0,0
333358,0,0,0,0,0
333658,0,0,0,0,0
333958,0,0,0,0,0
334258,0,0,0,0,0
334558,1,1,0,0,0
334858,1,1,0,0,0
335158,1,1,0,0,0
335458,1,1,0,0,0
335495,1,0,0,0,1
335691,1,1,1,1,0
335991,1,1,0,0,0
336064,1,0,0,0,1
336364,1,1,0,0,0
336415,0,0,0,0,1
336715,1,1,0,0,0
336855,1,0,0,0,1
337155,1,1,0,0,0
337455,1,1,0,0,0
337755,1,1,0,0,0
337856,1,0,0,0,1
338156,1,1,0,0,0
338331,1,0,0,0,1
338442,1,0,0,0,1
338714,1,0,0,0,1
338831,1,0,0,0,1
338964,1,0,0,0,1
339264,1,0,0,0,0
339564,1,0,0,0,0
339615,0,0,0,0,1
339915,1,0,0,0,0
340042,1,0,0,0,1
340209,1,1,0,0,1
340321,1,0,0,0,1
340464,1,0,0,0,1
340764,1,1,0,0,0
340882,1,0,0,0,1
340908,0,0,0,0,1
341208,1,1,0,0,0
341508,1,1,0,1,0
341808,1,1,0,0,0
342007,1,0,0,0,1
342120,1,0,0,0,1
342150,1,0,0,0,1
342268,1,0,0,0,1
342402,1,0,0,0,1
342626,1,0,0,0,1
342627,0,0,0,0,1
342738,1,0,0,0,1
342961,1,0,0,0,1
343108,1,0,0,0,1
343408,0,0,0,0,0
343452,0,0,0,0,1
343752,0,0,0,0,0
344052,0,0,0,0,0
344352,0,0,0,0,0
344652,0,0,0,0,0
344952,0,0,0,0,0
345252,0,0,0,0,0
345552,0,0,0,0,0
345852,0,0,0,0,0
346152,0,0,0,0,0
346452,0,0,0,0,0
346752,0,0,0,0,0
346763,0,0,0,0,1
346775,0,0,0,0,1
347075,0,0,0,0,0
347375,0,0,0,0,0
347675,0,0,0,0,0
347975,0,0,0,0,0
348275,0,0,0,0,0
348308,0,0,0,0,1
348608,0,0,0,0,0
348908,0,0,0,0,0
349208,0,0,0,0,0
349508,0,0,0,0,0
349808,0,0,0,0,0
349809,0,0,0,0,1
349810,0,0,0,0,1
350110,1,0,0,0,0
350410,0,0,0,0,0
350710,0,0,0,0,0
350912,1,0,0,0,1
351212,1,1,0,0,0
351512,1,0,0,0,0
351812,1,0,0,0,0
352112,0,0,0,0,0
352412,1,0,0,0,0
352712,1,0,0,0,0
353012,1,0,0,0,0
353312,1,1,0,0,0
353612,0,0,0,0,0
353663,1,0,0,0,1
353946,1,1,1,1,0
354246,1,0,0,0,0
354486,1,1,0,0,1
354649,1,1,0,0,1
354683,0,0,0,0,1
354717,1,0,0,0,1
355017,1,1,0,0,0
355317,1,1,0,0,0
355617,0,0,0,0,0
355618,0,0,0,0,1
355673,1,0,0,0,1
355941,1,0,0,0,1
356241,1,1,0,0,0
356294,0,0,0,0,1
356327,0,0,0,0,1
356555,1,1,1,1,0
356855,1,1,0,0,0
357064,1,1,1,1,0
357364,1,1,0,0,0
357664,1,1,0,0,0
357665,0,0,0,0,1
357965,1,1,0,0,0
358265,1,1,0,0,0
358565,1,1,0,0,0
358865,1,0,0,0,0
359165,1,1,0,0,0
359465,1,0,0,0,0
359765,1,0,0,0,0
360065,1,0,0,0,0
360365,1,1,0,0,0
360460,1,0,0,0,1
360710,1,1,1,1,0
361010,1,1,0,0,0
361210,1,0,0,0,1
361510,1,1,0,0,0
361511,0,0,0,0,1
361811,1,0,0,0,0
361812,0,0,0,0,1
362112,1,1,0,0,0
362412,1,1,0,0,0
362518,1,0,0,0,1
362818,1,1,0,0,0
363118,1,1,0,0,0
363418,1,1,0,0,0
363718,1,1,0,0,0
363773,1,0,0,0,1
364073,0,0,0,0,0
364373,1,1,0,0,0
364673,1,1,0,0,0
364973,1,0,0,0,0
364974,0,0,0,0,1
364975,0,0,0,0,1
365078,1,0,0,0,1
365298,1,0,0,0,1
365319,0,0,0,0,1
365619,1,1,0,0,0
365919,1,1,0,0,0
366219,1,1,0,0,0
366519,1,1,0,0,0
366586,1,0,0,0,1
366886,0,0,0,0,0
367186,1,1,0,0,0
367262,1,0,0,0,1
367562,1,1,0,0,0
367862,1,1,0,0,0
368162,0,0,0,0,0
368462,1,0,0,0,0
368488,1,0,0,0,1
368788,1,1,0,0,0
369088,1,1,0,0,0
369388,1,1,0,0,0
369688,1,1,0,0,0
369863,1,1,1,1,0
369888,0,0,0,0,1
370175,1,0,0,0,1
370475,1,1,0,0,0
370775,1,1,0,0,0
371075,1,0,0,0,0
371232,1,1,1,1,0
371400,1,0,0,0,1
371583,1,1,1,1,0
371883,1,1,0,0,0
372037,1,1,1,1,0
372337,1,1,0,0,0
372637,1,1,0,0,0
372659,1,0,0,0,1
372846,1,1,1,1,0
372888,0,0,0,0,1
373188,1,1,0,0,0
373236,1,0,0,0,1
373536,1,1,0,0,0
373713,1,1,1,1,0
374013,1,1,0,0,0
374042,1,0,0,0,1
374342,1,1,0,0,0
374642,1,1,0,0,0
374942,1,1,0,0,0
375242,1,1,0,0,0
375542,1,1,0,0,0
375724,1,1,1,1,0
375766,0,0,0,0,1
376066,1,1,0,0,0
376366,0,0,0,0,0
376666,0,0,0,0,0
376966,0,0,0,0,0
377266,1,1,0,0,0
377566,1,1,0,0,0
377866,1,1,0,0,0
378166,1,1,0,0,0
378466,1,1,0,0,0
378766,1,1,0,0,0
378788,0,0,0,0,1
379088,1,1,0,0,0
379388,1,1,0,0,0
379688,1,1,0,0,0
379988,1,1,0,0,0
380288,1,1,0,0,0
380588,1,1,0,0,0
380888,1,1,0,0,0
381188,1,1,0,0,0
381189,0,0,0,0,1
381489,1,1,0,0,0
381789,1,1,0,0,0
382089,1,1,0,0,0
382389,1,1,0,0,0
382689,0,0,0,0,0
382989,0,0,0,0,0
383140,1,0,0,0,1
383440,1,0,0,0,0
383604,1,0,0,0,1
383904,1,0,0,0,0
384204,0,0,0,0,0
384245,1,0,0,0,1
384274,1,0,0,0,1
384298,1,0,0,0,1
384598,1,0,0,0,0
384898,1,1,0,0,0
384967,1,0,0,0,1
385033,1,0,0,0,1
385333,0,0,0,0,0
385411,1,0,0,0,1
385711,1,0,0,0,0
385756,0,0,0,0,1
385849,1,0,0,0,1
386149,1,0,0,0,0
386257,1,0,0,0,1
386318,1,0,0,0,1
386345,1,0,0,0,1
386392,1,0,0,0,1
386393,0,0,0,0,1
386693,1,0,0,0,0
386993,1,1,0,0,0
387008,1,0,0,0,1
387308,1,0,0,0,0
387608,1,0,0,0,0
387752,1,0,0,0,1
387829,1,0,0,0,1
387883,1,0,0,0,1
388183,1,0,0,0,0
388238,1,0,0,0,1
388284,1,0,0,0,1
388584,1,0,0,0,0
388653,1,0,0,0,1
388689,1,0,0,0,1
388989,1,0,0,0,0
388990,0,0,0,0,1
389091,1,0,0,0,1
389141,1,0,0,0,1
389441,1,0,0,0,0
389661,1,0,0,0,1
389702,1,0,0,0,1
390002,1,1,0,0,0
390119,1,0,0,0,1
390221,1,0,0,0,1
390341,1,0,0,0,1
390504,1,0,0,0,1
390554,1,0,0,0,1
390668,1,0,0,0,1
390721,1,0,0,0,1
390835,1,0,0,0,1
391135,1,1,0,0,0
391435,1,0,0,0,0
391552,1,0,0,0,1
391691,1,0,0,0,1
391854,1,0,0,0,1
392154,1,1,0,0,0
392454,1,1,0,0,0
392754,1,1,0,0,0
393054,1,1,0,0,0
393174,1,0,0,0,1
393215,1,0,0,0,1
393325,1,0,0,0,1
393625,1,0,0,0,0
393744,1,0,0,0,1
393804,1,0,0,0,1
394104,1,1,0,0,0
394404,1,0,0,0,0
394529,1,0,0,0,1
394829,1,1,0,0,0
395065,1,0,0,0,1
395365,1,1,0,0,0
395665,1,1,0,0,0
395727,1,0,0,0,1
396027,1,1,0,0,0
396327,1,1,0,0,0
396627,1,1,0,0,0
396927,1,1,0,0,0
397227,1,1,0,0,0
397527,1,1,0,0,0
397570,1,0,0,0,1
397596,0,0,0,0,1
397896,1,1,0,0,0
398196,1,1,0,0,0
398496,1,1,0,0,0
398796,1,1,0,0,0
399096,1,1,0,0,0
399305,1,1,1,1,0
399605,1,1,0,0,0
399646,1,0,0,0,1
399736,1,0,0,0,1
400036,1,1,0,0,0
400037,0,0,0,0,1
400337,1,1,0,0,0
400637,1,1,0,0,0
400937,1,1,0,0,0
401237,1,1,0,0,0
401265,0,0,0,0,1
401321,1,0,0,0,1
401621,1,1,0,0,0
401921,1,1,0,0,0
402221,1,0,0,0,0
402301,1,0,0,0,1
402601,1,1,0,0,0
402901,1,1,0,0,0
402902,0,0,0,0,1
403202,1,1,0,0,0
403306,1,0,0,0,1
403472,1,1,1,1,0
403772,1,1,0,0,0
403966,1,1,0,0,1
404266,1,1,0,0,0
404566,1,1,0,0,0
404866,1,1,0,0,0
404982,1,0,0,0,1
405282,1,0,0,0,0
405347,1,1,0,0,1
405647,1,1,0,0,0
405947,1,1,0,0,0
406019,1,0,0,0,1
406319,1,1,0,0,0
406619,1,1,0,0,0
406676,1,0,0,0,1
406719,1,0,0,0,1
406794,1,0,0,0,1
407094,1,1,0,0,0
407183,1,0,0,0,1
407258,1,0,0,0,1
407558,1,0,0,0,0
407617,1,0,0,0,1
407647,0,0,0,0,1
407947,1,0,0,0,0
408247,1,0,0,0,0
408328,1,0,0,0,1
408628,1,1,0,0,0
408652,1,0,0,0,1
408952,1,0,0,0,0
409252,1,1,0,0,0
409371,1,0,0,0,1
409671,1,1,0,0,0
409971,1,1,0,0,0
410008,1,0,0,0,1
410083,1,0,0,0,1
410237,1,0,0,0,1
410319,1,0,0,0,1
410349,1,0,0,0,1
410508,1,0,0,0,1
410808,1,1,0,0,0
411017,1,0,0,0,1
411062,1,0,0,0,1
411176,1,0,0,0,1
411326,1,0,0,0,1
411388,1,0,0,0,1
411420,1,0,0,0,1
411720,1,1,0,0,0
411757,1,0,0,0,1
411868,1,0,0,0,1
411906,1,0,0,0,1
411950,1,0,0,0,1
411971,0,0,0,0,1
412061,1,0,0,0,1
412105,1,0,0,0,1
412106,0,0,0,0,1
412107,0,0,0,0,1
412174,1,0,0,0,1
412474,1,0,0,0,0
412511,1,0,0,0,1
412577,1,0,0,0,1
412619,1,0,0,0,1
412919,1,1,1,0,0
413028,1,0,0,0,1
413111,1,0,0,0,1
413172,1,0,0,0,1
413256,1,0,0,0,1
413339,1,0,0,0,1
413367,1,0,0,0,1
413422,1,0,0,0,1
413722,1,1,0,0,0
413838,1,0,0,0,1
413871,1,0,0,0,1
413963,1,0,0,0,1
414263,1,1,0,0,0
414332,1,0,0,0,1
414400,1,0,0,0,1
414652,1,0,0,0,1
414723,1,0,0,0,1
414817,1,0,0,0,1
414909,1,0,0,0,1
415209,1,1,0,0,0
415259,1,0,0,0,1
415416,1,0,0,0,1
415716,1,1,0,0,0
416016,1,1,1,0,0
416316,1,0,0,0,0
416616,1,1,0,0,0
416743,1,0,0,0,1
416832,1,0,0,0,1
416920,1,0,0,0,1
417070,1,0,0,0,1
417163,1,0,0,0,1
417235,1,0,0,0,1
417269,0,0,0,0,1
417418,1,0,0,0,1
417577,1,1,1,0,1
417877,1,1,1,0,0
417929,1,0,0,0,1
418229,1,1,1,0,0
418328,1,0,0,0,1
418628,1,1,1,0,0
418928,1,1,1,0,0
418971,1,0,0,0,1
419271,1,0,0,0,0
419272,0,0,0,0,1
419572,1,1,0,0,0
419686,1,0,0,0,1
419964,1,0,0,0,1
420264,1,0,0,0,0
420451,1,0,0,0,1
420751,1,0,0,0,0
421051,1,1,1,0,0
421208,1,0,0,0,1
421232,0,0,0,0,1
421532,1,1,0,0,0
421724,1,0,0,0,1
421751,1,0,0,0,1
421838,1,0,0,0,1
421902,1,0,0,0,1
422202,1,1,0,0,0
422251,0,0,0,0,1
422551,0,0,0,0,0
422569,0,0,0,0,1
422791,1,0,0,0,1
423091,1,0,0,0,0
423343,1,0,0,0,1
423643,1,0,0,0,0
423943,0,0,0,0,0
424243,0,0,0,0,0
424543,0,0,0,0,0
424843,0,0,0,0,0
425143,0,0,0,0,0
425443,0,0,0,0,0
425743,0,0,0,0,0
426043,0,0,0,0,0
426343,0,0,0,0,0
426643,0,0,0,0,0
426943,0,0,0,0,0
427079,1,0,0,0,1
427379,1,0,0,0,0
427380,0,0,0,0,1
427571,1,0,0,0,1
427766,1,0,0,0,1
428066,1,1,0,0,0
428366,1,1,0,0,0
428426,1,0,0,0,1
428522,1,0,0,0,1
428822,1,0,0,0,0
428949,1,0,0,0,1
429043,1,0,0,0,1
429082,1,0,0,0,1
429121,1,0,0,0,1
429211,1,1,0,0,1
429257,1,0,0,0,1
429403,1,0,0,0,1
429703,1,0,0,0,0
429768,1,0,0,0,1
429798,1,0,0,0,1
429799,0,0,0,0,1
429831,1,0,0,0,1
430131,1,0,0,0,0
430169,1,0,0,0,1
430200,1,0,0,0,1
430263,1,0,0,0,1
430350,1,0,0,0,1
430400,1,0,0,0,1
430438,1,0,0,0,1
430665,1,0,0,0,1
430822,1,0,0,0,1
430928,1,0,0,0,1
430963,1,0,0,0,1
430990,1,0,0,0,1
431050,1,0,0,0,1
431087,1,0,0,0,1
431174,1,0,0,0,1
431241,1,0,0,0,1
431270,1,0,0,0,1
431307,1,0,0,0,1
431351,1,0,0,0,1
431651,1,1,0,0,0
431701,1,0,0,0,1
431847,1,1,0,0,1
431899,1,0,0,0,1
431922,1,0,0,0,1
432012,1,0,0,0,1
432133,1,0,0,0,1
432168,1,0,0,0,1
432210,0,0,0,0,1
432306,1,0,0,0,1
432390,1,0,0,0,1
432488,1,0,0,0,1
432608,1,0,0,0,1
432908,1,1,0,0,0
433208,1,1,0,0,0
433261,1,0,0,0,1
433349,1,0,0,0,1
433385,1,0,0,0,1
433440,1,0,0,0,1
433503,1,0,0,0,1
433558,1,0,0,0,1
433611,1,0,0,0,1
433690,1,0,0,0,1
433749,1,0,0,0,1
433785,1,0,0,0,1
433870,1,0,0,0,1
433924,1,0,0,0,1
433953,1,0,0,0,1
433982,0,0,0,0,1
434282,1,1,0,0,0
434313,1,0,0,0,1
434351,1,0,0,0,1
434651,1,0,0,0,0
434688,0,0,0,0,1
434810,1,0,0,0,1
434850,0,0,0,0,1
435150,1,1,0,0,0
435202,1,0,0,0,1
435274,1,0,0,0,1
435318,1,0,0,0,1
435352,1,0,0,0,1
435584,1,0,0,0,1
435609,1,0,0,0,1
435662,1,0,0,0,1
435762,1,0,0,0,1
435873,1,0,0,0,1
435983,1,0,0,0,1
436037,1,0,0,0,1
436059,0,0,0,0,1
436113,1,0,0,0,1
436148,1,0,0,0,1
436215,1,0,0,0,1
436262,1,0,0,0,1
436331,1,0,0,0,1
436394,1,0,0,0,1
436495,1,0,0,0,1
436559,1,0,0,0,1
436623,1,0,0,0,1
436669,1,0,0,0,1
436969,1,0,0,0,0
437023,1,0,0,0,1
437323,1,0,0,0,0
437405,1,1,0,0,1
437455,1,0,0,0,1
437538,1,0,0,0,1
437838,1,1,0,0,0
437949,1,0,0,0,1
437991,1,0,0,0,1
437992,0,0,0,0,1
438085,1,1,0,0,1
438168,1,0,0,0,1
438254,1,0,0,0,1
438289,1,0,0,0,1
438349,1,0,0,0,1
438417,1,0,0,0,1
438471,1,0,0,0,1
438526,1,0,0,0,1
438571,1,0,0,0,1
438591,0,0,0,0,1
438665,1,0,0,0,1
438761,1,0,0,0,1
438890,1,0,0,0,1
439190,0,0,0,0,0
439265,1,0,0,0,1
439399,1,0,0,0,1
439417,0,0,0,0,1
439442,0,0,0,0,1
439742,1,0,0,0,0
439843,1,0,0,0,1
439894,1,0,0,0,1
440002,1,0,0,0,1
440074,1,0,0,0,1
440127,1,0,0,0,1
440128,0,0,0,0,1
440217,0,0,0,0,1
440280,1,0,0,0,1
440373,1,0,0,0,1
440413,1,0,0,0,1
440450,1,0,0,0,1
440575,1,0,0,0,1
440653,1,0,0,0,1
440664,0,0,0,0,1
440723,1,0,0,0,1
440801,1,0,0,0,1
440830,1,0,0,0,1
441130,0,0,0,0,0
441316,1,0,0,0,1
441362,1,0,0,0,1
441426,1,0,0,0,1
441487,1,0,0,0,1
441497,0,0,0,0,1
441567,1,0,0,0,1
441825,1,0,0,0,1
441871,1,0,0,0,1
441893,1,0,0,0,1
441956,1,0,0,0,1
442016,1,0,0,0,1
442116,1,0,0,0,1
442194,1,0,0,0,1
442494,1,1,0,0,0
442517,1,0,0,0,1
442628,1,0,0,0,1
442677,0,0,0,0,1
442737,1,0,0,0,1
442805,1,0,0,0,1
442860,1,0,0,0,1
442898,1,0,0,0,1
442938,0,0,0,0,1
442994,1,0,0,0,1
443294,1,1,0,0,0
443594,1,0,0,0,0
443632,1,0,0,0,1
443720,0,0,0,0,1
443742,1,0,0,0,1
443783,1,0,0,0,1
443824,0,0,0,0,1
443895,1,0,0,0,1
443944,0,0,0,0,1
444070,1,0,0,0,1
444120,0,0,0,0,1
444154,1,0,0,0,1
444454,0,0,0,0,0
444754,0,0,0,0,0
444816,1,0,0,0,1
445116,0,0,0,0,0
445134,0,0,0,0,1
445248,1,0,0,0,1
445279,1,0,0,0,1
445340,1,0,0,0,1
445396,1,0,0,0,1
445460,1,0,0,0,1
445542,1,0,0,0,1
445543,0,0,0,0,1
445843,0,0,0,0,0
446143,0,0,0,0,0
446220,1,0,0,0,1
446237,1,0,0,0,1
446298,1,0,0,0,1
446365,1,0,0,0,1
446489,0,0,0,0,1
446521,0,0,0,0,1
446586,0,0,0,0,1
446675,1,0,0,0,1
446714,1,0,0,0,1
446783,0,0,0,0,1
447083,1,0,0,0,0
447134,0,0,0,0,1
447162,0,0,0,0,1
447462,0,0,0,0,0
447762,0,0,0,0,0
448062,0,0,0,0,0
448362,0,0,0,0,0
448425,0,0,0,0,1
448518,0,0,0,0,1
448818,0,0,0,0,0
448859,0,0,0,0,1
449159,0,0,0,0,0
449183,0,0,0,0,1
449483,0,0,0,0,0
449783,0,0,0,0,0
450083,0,0,0,0,0
450383,0,0,0,0,0
450633,0,0,0,0,1
450933,1,0,0,0,0
450960,0,0,0,0,1
451260,0,0,0,0,0
451291,0,0,0,0,1
451591,0,0,0,0,0
451891,0,0,0,0,0
451905,1,0,0,0,1
452205,0,0,0,0,0
452505,0,0,0,0,0
452805,1,0,0,0,0
452834,0,0,0,0,1
452890,1,0,0,0,1
452929,1,0,0,0,1
452950,0,0,0,0,1
452964,0,0,0,0,1
452986,1,0,0,0,1
453286,0,0,0,0,0
453318,0,0,0,0,1
453474,1,0,0,0,1
453774,0,0,0,0,0
453796,0,0,0,0,1
454096,1,0,0,0,0
454396,1,0,0,0,0
454410,0,0,0,0,1
454429,0,0,0,0,1
454458,0,0,0,0,1
454498,0,0,0,0,1
454798,0,0,0,0,0
454877,1,0,0,0,1
455177,0,0,0,0,0
455477,0,0,0,0,0
455660,1,0,0,0,1
455871,1,0,0,0,1
456171,1,1,0,0,0
456332,1,1,0,0,1
456491,1,1,0,0,1
456503,0,0,0,0,1
456504,0,0,0,0,1
456518,0,0,0,0,1
456818,1,1,0,0,0
456841,0,0,0,0,1
457141,1,0,0,0,0
457441,1,1,0,0,0
457689,1,1,0,0,1
457989,1,1,0,0,0
458014,0,0,0,0,1
458051,0,0,0,0,1
458351,1,1,0,0,0
458651,1,0,0,0,0
458951,0,0,0,0,0
458952,0,0,0,0,1
459252,0,0,0,0,0
459552,0,0,0,0,0
459852,0,0,0,0,0
460152,0,0,0,0,0
460452,1,1,0,0,0
460752,1,1,0,0,0
460776,0,0,0,0,1
461076,0,0,0,0,0
461376,0,0,0,0,0
461676,1,0,0,0,0
461976,0,0,0,0,0
462276,0,0,0,0,0
462576,1,0,0,0,0
462596,0,0,0,0,1
462622,0,0,0,0,1
462922,1,0,0,0,0
463222,1,0,0,0,0
463266,1,0,0,0,1
463566,0,0,0,0,0
463866,1,0,0,0,0
463958,0,0,0,0,1
464258,1,0,0,0,0
464558,1,0,0,0,0
464843,0,0,0,0,1
465143,1,0,0,0,0
465258,1,0,0,0,1
465391,1,0,0,0,1
465503,1,0,0,0,1
465597,1,0,0,0,1
465897,1,1,0,0,0
466197,1,0,0,0,0
466497,1,1,0,0,0
466797,1,1,0,0,0
467097,1,0,0,0,0
467397,1,1,0,0,0
467565,1,0,0,0,1
467865,0,0,0,0,0
468165,1,1,0,0,0
468465,1,0,0,0,0
468765,1,0,0,0,0
469065,1,0,0,0,0
469365,1,1,0,0,0
469665,1,1,0,0,0
469965,1,1,0,0,0
470265,1,1,0,0,0
470266,0,0,0,0,1
470566,1,1,0,0,0
470866,1,1,0,0,0
471166,1,1,0,0,0
471466,1,1,0,0,0
471766,1,1,0,0,0
472066,1,1,0,0,0
472366,1,1,0,0,0
472666,1,1,0,0,0
472966,1,1,1,0,0
473266,1,1,0,0,0
473566,0,0,0,0,0
473567,0,0,0,0,1
473726,1,1,1,1,0
474026,1,1,1,1,0
474326,1,1,0,0,0
474626,1,1,1,1,0
474649,0,0,0,0,1
474949,1,1,0,1,0
475125,1,1,1,1,0
475425,1,1,1,0,0
475725,1,1,1,0,0
476025,1,1,0,0,0
476325,1,1,0,0,0
476625,1,1,0,0,0
476925,1,1,0,0,0
477225,1,1,0,0,0
477525,0,0,0,0,0
477825,1,1,0,0,0
477930,1,0,0,0,1
478230,1,1,0,0,0
478530,1,1,0,0,0
478830,1,1,0,0,0
479130,0,0,0,0,0
479430,1,1,0,0,0
479730,1,1,0,0,0
480030,1,1,0,0,0
480330,1,1,1,0,0
480630,1,1,0,0,0
480930,1,1,0,0,0
481230,1,0,0,0,0
481530,1,1,0,0,0
481705,1,0,0,0,1
481706,0,0,0,0,1
481855,1,0,0,0,1
482155,1,1,0,0,0
482283,1,0,0,0,1
482423,1,1,0,0,1
482723,1,1,0,0,0
482724,0,0,0,0,1
483024,1,1,0,0,0
483192,1,1,1,1,0
483492,1,1,0,0,0
483792,1,1,0,1,0
483986,1,1,1,1,0
484286,1,1,0,0,0
484439,1,1,0,0,1
484739,1,1,0,0,0
485039,1,1,0,0,0
485040,0,0,0,0,1
485340,1,1,0,0,0
485640,1,1,0,0,0
485940,1,1,0,0,0
486240,1,1,0,0,0
486540,1,1,0,0,0
486584,0,0,0,0,1
486884,1,0,0,0,0
487184,1,1,0,0,0
487484,1,1,0,0,0
487784,1,1,0,0,0
488084,1,1,0,0,0
488384,1,1,0,0,0
488409,0,0,0,0,1
488709,1,1,0,0,0
489009,1,1,0,0,0
489309,1,1,0,0,0
489365,0,0,0,0,1
489391,0,0,0,0,1
489423,1,0,0,0,1
489723,1,1,0,0,0
490023,1,1,0,0,0
490323,1,1,0,0,0
490324,0,0,0,0,1
490624,1,1,0,0,0
490924,1,1,0,0,0
491224,1,1,0,0,0
491524,1,1,0,0,0
491824,1,1,0,0,0
492124,1,1,0,0,0
492388,1,1,1,1,0
492389,0,0,0,0,1
492689,0,0,0,0,0
492989,1,1,1,1,0
493289,1,1,0,0,0
493538,1,1,1,1,0
493838,1,1,0,0,0
494081,1,1,1,1,0
494272,1,1,1,1,0
494572,1,1,0,0,0
494872,1,1,0,0,0
495172,1,1,0,0,0
495330,1,1,0,0,1
495478,1,1,1,1,0
495479,0,0,0,0,1
495632,1,1,1,1,0
495920,1,1,1,1,0
496220,1,1,0,0,0
496520,1,1,0,0,0
496521,0,0,0,0,1
496821,1,1,0,0,0
497121,1,1,1,1,0
497421,1,1,0,0,0
497721,1,1,0,0,0
498021,1,1,0,0,0
498321,1,1,1,0,0
498448,1,1,1,1,0
498748,1,1,1,0,0
499048,1,1,0,0,0
499348,0,0,0,0,0
499648,1,1,0,0,0
499948,1,1,0,0,0
